run_id,key,value,step,timestamp
e4392eecb99c4615a407372f333391fd,Val loss,0.6372051437695821,0,1687830173187
e4392eecb99c4615a407372f333391fd,Val loss,0.5882949233055115,1,1687830176990
e4392eecb99c4615a407372f333391fd,Val loss,0.5154968897501627,2,1687830180829
e4392eecb99c4615a407372f333391fd,Val loss,0.5204724272092184,3,1687830184642
e4392eecb99c4615a407372f333391fd,Val loss,0.5889613429705302,4,1687830188485
e4392eecb99c4615a407372f333391fd,Val loss,0.39603569110234577,5,1687830192427
e4392eecb99c4615a407372f333391fd,Val loss,0.4988131821155548,6,1687830196234
e4392eecb99c4615a407372f333391fd,Val loss,0.49791231751441956,7,1687830200056
e4392eecb99c4615a407372f333391fd,Val loss,0.651229739189148,8,1687830203901
e4392eecb99c4615a407372f333391fd,Val loss,0.4080753028392792,9,1687830207727
e4392eecb99c4615a407372f333391fd,Val loss,0.3853874405225118,10,1687830211542
e4392eecb99c4615a407372f333391fd,Val loss,0.44146780172983807,11,1687830215492
e4392eecb99c4615a407372f333391fd,Val loss,0.3331412474314372,12,1687830219332
e4392eecb99c4615a407372f333391fd,Val loss,0.36185388763745624,13,1687830223174
e4392eecb99c4615a407372f333391fd,Val loss,0.35659071803092957,14,1687830227048
e4392eecb99c4615a407372f333391fd,Val loss,0.29881668587525684,15,1687830230933
e4392eecb99c4615a407372f333391fd,Val loss,0.4294634163379669,16,1687830234814
e4392eecb99c4615a407372f333391fd,Val loss,0.3228668173154195,17,1687830238693
e4392eecb99c4615a407372f333391fd,Val loss,0.2451364373167356,18,1687830242611
e4392eecb99c4615a407372f333391fd,Val loss,0.28813853363196057,19,1687830246522
e4392eecb99c4615a407372f333391fd,Val loss,0.3023638923962911,20,1687830250423
e4392eecb99c4615a407372f333391fd,Val loss,0.3366810182730357,21,1687830254308
e4392eecb99c4615a407372f333391fd,Val loss,0.35438863436381024,22,1687830258175
e4392eecb99c4615a407372f333391fd,Val loss,0.24372956653436026,23,1687830262140
e4392eecb99c4615a407372f333391fd,Val loss,0.36828651030858356,24,1687830266027
e4392eecb99c4615a407372f333391fd,Val loss,0.35161490241686505,25,1687830269861
e4392eecb99c4615a407372f333391fd,Val loss,0.2477959245443344,26,1687830273719
e4392eecb99c4615a407372f333391fd,Val loss,0.327457328637441,27,1687830277585
e4392eecb99c4615a407372f333391fd,Val loss,0.3050587127606074,28,1687830281217
e4392eecb99c4615a407372f333391fd,Val loss,0.2880750199158986,29,1687830284818
e4392eecb99c4615a407372f333391fd,Val loss,0.3243363897005717,30,1687830288435
e4392eecb99c4615a407372f333391fd,Val loss,0.24500809609889984,31,1687830292043
e4392eecb99c4615a407372f333391fd,Val loss,0.3132029374440511,32,1687830295878
e4392eecb99c4615a407372f333391fd,Val loss,0.30641575654347736,33,1687830299800
e4392eecb99c4615a407372f333391fd,Val loss,0.4438970386981964,34,1687830303673
e4392eecb99c4615a407372f333391fd,Val loss,0.2530212104320526,35,1687830307595
e4392eecb99c4615a407372f333391fd,Val loss,0.2697274684906006,36,1687830311505
e4392eecb99c4615a407372f333391fd,Val loss,0.23175610601902008,37,1687830315419
e4392eecb99c4615a407372f333391fd,Val loss,0.296838641166687,38,1687830319313
e4392eecb99c4615a407372f333391fd,Val loss,0.45265060663223267,39,1687830323203
e4392eecb99c4615a407372f333391fd,Val loss,0.2302855501572291,40,1687830327092
e4392eecb99c4615a407372f333391fd,Val loss,0.26035509010155994,41,1687830330991
e4392eecb99c4615a407372f333391fd,Val loss,0.21891553699970245,42,1687830334926
e4392eecb99c4615a407372f333391fd,Val loss,0.25352543592453003,43,1687830338817
e4392eecb99c4615a407372f333391fd,Val loss,0.1961300770441691,44,1687830342740
e4392eecb99c4615a407372f333391fd,Val loss,0.20484364529450735,45,1687830346646
e4392eecb99c4615a407372f333391fd,Val loss,0.21647897362709045,46,1687830350549
e4392eecb99c4615a407372f333391fd,Val loss,0.19903753946224848,47,1687830354468
e4392eecb99c4615a407372f333391fd,Val loss,0.3038246234258016,48,1687830358340
e4392eecb99c4615a407372f333391fd,Val loss,0.1904819185535113,49,1687830362232
e4392eecb99c4615a407372f333391fd,Val loss,0.2214194486538569,50,1687830366109
e4392eecb99c4615a407372f333391fd,Val loss,0.2222378303607305,51,1687830370017
e4392eecb99c4615a407372f333391fd,Val loss,0.23192002872625986,52,1687830373945
e4392eecb99c4615a407372f333391fd,Val loss,0.195471853017807,53,1687830377954
e4392eecb99c4615a407372f333391fd,Val loss,0.17888537049293518,54,1687830381866
e4392eecb99c4615a407372f333391fd,Val loss,0.1743326485157013,55,1687830385751
e4392eecb99c4615a407372f333391fd,Val loss,0.27749914427598316,56,1687830389610
e4392eecb99c4615a407372f333391fd,Val loss,0.22709796826044717,57,1687830393498
e4392eecb99c4615a407372f333391fd,Val loss,0.24894580245018005,58,1687830397497
e4392eecb99c4615a407372f333391fd,Val loss,0.3334992229938507,59,1687830401457
e4392eecb99c4615a407372f333391fd,Val loss,0.27962858478228253,60,1687830405422
e4392eecb99c4615a407372f333391fd,Val loss,0.17087570453683534,61,1687830409404
e4392eecb99c4615a407372f333391fd,Val loss,0.1732583542664846,62,1687830413377
e4392eecb99c4615a407372f333391fd,Val loss,0.16098654518524805,63,1687830417349
e4392eecb99c4615a407372f333391fd,Val loss,0.26450522740681964,64,1687830421329
e4392eecb99c4615a407372f333391fd,Val loss,0.15883341679970422,65,1687830425299
e4392eecb99c4615a407372f333391fd,Val loss,0.17309524367252985,66,1687830429276
e4392eecb99c4615a407372f333391fd,Val loss,0.21105898916721344,67,1687830433265
e4392eecb99c4615a407372f333391fd,Val loss,0.18411141137282053,68,1687830437267
e4392eecb99c4615a407372f333391fd,Val loss,0.17907862861951193,69,1687830441238
e4392eecb99c4615a407372f333391fd,Val loss,0.16275092959403992,70,1687830445202
e4392eecb99c4615a407372f333391fd,Val loss,0.14664475619792938,71,1687830449178
e4392eecb99c4615a407372f333391fd,Val loss,0.1904796560605367,72,1687830453143
e4392eecb99c4615a407372f333391fd,Val loss,0.1550584053620696,73,1687830457231
e4392eecb99c4615a407372f333391fd,Val loss,0.19536109765370688,74,1687830461289
e4392eecb99c4615a407372f333391fd,Val loss,0.14706727614005408,75,1687830465272
e4392eecb99c4615a407372f333391fd,Val loss,0.2994043678045273,76,1687830469264
e4392eecb99c4615a407372f333391fd,Val loss,0.191277414560318,77,1687830473016
e4392eecb99c4615a407372f333391fd,Val loss,0.23261269430319467,78,1687830476744
e4392eecb99c4615a407372f333391fd,Val loss,0.14977359275023142,79,1687830480468
e4392eecb99c4615a407372f333391fd,Val loss,0.2648620009422302,80,1687830484166
e4392eecb99c4615a407372f333391fd,Val loss,0.13061566650867462,81,1687830487903
e4392eecb99c4615a407372f333391fd,Val loss,0.14006299401323,82,1687830491636
e4392eecb99c4615a407372f333391fd,Val loss,0.13256679537395635,83,1687830495355
e4392eecb99c4615a407372f333391fd,Val loss,0.33062371611595154,84,1687830499088
e4392eecb99c4615a407372f333391fd,Val loss,0.1780436635017395,85,1687830502791
e4392eecb99c4615a407372f333391fd,Val loss,0.20511401693026224,86,1687830506509
e4392eecb99c4615a407372f333391fd,Val loss,0.14871360858281454,87,1687830510223
e4392eecb99c4615a407372f333391fd,Val loss,0.23629864553610483,88,1687830513932
e4392eecb99c4615a407372f333391fd,Val loss,0.13562545056144396,89,1687830517644
e4392eecb99c4615a407372f333391fd,Val loss,0.24610004822413126,90,1687830521358
e4392eecb99c4615a407372f333391fd,Val loss,0.12160641327500343,91,1687830525104
e4392eecb99c4615a407372f333391fd,Val loss,0.1554464673002561,92,1687830528822
e4392eecb99c4615a407372f333391fd,Val loss,0.13969193150599798,93,1687830532538
e4392eecb99c4615a407372f333391fd,Val loss,0.16659421970446905,94,1687830536271
e4392eecb99c4615a407372f333391fd,Val loss,0.29194703698158264,95,1687830540127
e4392eecb99c4615a407372f333391fd,Val loss,0.11672265301361524,96,1687830543814
e4392eecb99c4615a407372f333391fd,Val loss,0.30359366287787753,97,1687830547520
e4392eecb99c4615a407372f333391fd,Val loss,0.14638325572013855,98,1687830551251
e4392eecb99c4615a407372f333391fd,Val loss,0.23209122320016226,99,1687830554981
e4392eecb99c4615a407372f333391fd,Val loss,0.30997716387112934,100,1687830558943
e4392eecb99c4615a407372f333391fd,Val loss,0.16641252736250559,101,1687830562867
e4392eecb99c4615a407372f333391fd,Val loss,0.13495923578739166,102,1687830566812
e4392eecb99c4615a407372f333391fd,Val loss,0.12851386703550816,103,1687830570768
e4392eecb99c4615a407372f333391fd,Val loss,0.2550843407710393,104,1687830574714
e4392eecb99c4615a407372f333391fd,Val loss,0.14878738423188528,105,1687830578635
e4392eecb99c4615a407372f333391fd,Val loss,0.29172154515981674,106,1687830582571
e4392eecb99c4615a407372f333391fd,Val loss,0.2031464477380117,107,1687830586539
e4392eecb99c4615a407372f333391fd,Val loss,0.21127258241176605,108,1687830590498
e4392eecb99c4615a407372f333391fd,Val loss,0.20255729059378305,109,1687830594455
e4392eecb99c4615a407372f333391fd,Val loss,0.165333221356074,110,1687830598418
e4392eecb99c4615a407372f333391fd,Val loss,0.11649638837358604,111,1687830602364
e4392eecb99c4615a407372f333391fd,Val loss,0.20687450716892877,112,1687830606318
e4392eecb99c4615a407372f333391fd,Val loss,0.16106689969698587,113,1687830610283
e4392eecb99c4615a407372f333391fd,Val loss,0.16201003392537436,114,1687830614233
e4392eecb99c4615a407372f333391fd,Val loss,0.12941335141658783,115,1687830618197
e4392eecb99c4615a407372f333391fd,Val loss,0.24552322924137115,116,1687830622187
e4392eecb99c4615a407372f333391fd,Val loss,0.2908750846982002,117,1687830626143
e4392eecb99c4615a407372f333391fd,Val loss,0.120777719343702,118,1687830630088
e4392eecb99c4615a407372f333391fd,Val loss,0.21435730159282684,119,1687830634009
e4392eecb99c4615a407372f333391fd,Val loss,0.12458861246705055,120,1687830637942
e4392eecb99c4615a407372f333391fd,Val loss,0.10983625954637925,121,1687830641902
e4392eecb99c4615a407372f333391fd,Val loss,0.11350308638066053,122,1687830645863
e4392eecb99c4615a407372f333391fd,Val loss,0.28969578444957733,123,1687830649820
e4392eecb99c4615a407372f333391fd,Val loss,0.229045699040095,124,1687830653772
e4392eecb99c4615a407372f333391fd,Val loss,0.12134428819020589,125,1687830657723
e4392eecb99c4615a407372f333391fd,Val loss,0.15489600598812103,126,1687830661690
e4392eecb99c4615a407372f333391fd,Val loss,0.1164595556134979,127,1687830665657
e4392eecb99c4615a407372f333391fd,Val loss,0.17157497008641562,128,1687830669618
e4392eecb99c4615a407372f333391fd,Val loss,0.18211714923381805,129,1687830673586
e4392eecb99c4615a407372f333391fd,Val loss,0.126261747131745,130,1687830677538
e4392eecb99c4615a407372f333391fd,Val loss,0.26652852694193524,131,1687830681490
e4392eecb99c4615a407372f333391fd,Val loss,0.15063195178906122,132,1687830685476
e4392eecb99c4615a407372f333391fd,Val loss,0.12970705477831265,133,1687830689412
e4392eecb99c4615a407372f333391fd,Val loss,0.2158489798506101,134,1687830693363
e4392eecb99c4615a407372f333391fd,Val loss,0.15022670229276022,135,1687830697305
e4392eecb99c4615a407372f333391fd,Val loss,0.28370677183071774,136,1687830701237
e4392eecb99c4615a407372f333391fd,Val loss,0.3173215885957082,137,1687830705295
e4392eecb99c4615a407372f333391fd,Val loss,0.11855786107480526,138,1687830709252
e4392eecb99c4615a407372f333391fd,Val loss,0.30918453882137936,139,1687830713195
e4392eecb99c4615a407372f333391fd,Val loss,0.18011279900868735,140,1687830717156
e4392eecb99c4615a407372f333391fd,Val loss,0.13078564157088599,141,1687830721101
e4392eecb99c4615a407372f333391fd,Val loss,0.11360341620941956,142,1687830725135
e4392eecb99c4615a407372f333391fd,Val loss,0.12489243845144908,143,1687830729472
e4392eecb99c4615a407372f333391fd,Val loss,0.20212261378765106,144,1687830733501
e4392eecb99c4615a407372f333391fd,Val loss,0.10954703646712005,145,1687830737464
e4392eecb99c4615a407372f333391fd,Val loss,0.14176437010367712,146,1687830741505
e4392eecb99c4615a407372f333391fd,Val loss,0.13170657927791277,147,1687830745422
e4392eecb99c4615a407372f333391fd,Val loss,0.1264367513358593,148,1687830749335
e4392eecb99c4615a407372f333391fd,Val loss,0.13835685203472772,149,1687830753288
e4392eecb99c4615a407372f333391fd,Val loss,0.12253425394495328,150,1687830757209
e4392eecb99c4615a407372f333391fd,Val loss,0.11866019976635774,151,1687830761145
e4392eecb99c4615a407372f333391fd,Val loss,0.1867565761009852,152,1687830765063
e4392eecb99c4615a407372f333391fd,Val loss,0.1432731176416079,153,1687830769029
e4392eecb99c4615a407372f333391fd,Val loss,0.3604773630698522,154,1687830772963
e4392eecb99c4615a407372f333391fd,Val loss,0.13527446736892065,155,1687830776901
e4392eecb99c4615a407372f333391fd,Val loss,0.11675372595588367,156,1687830780850
e4392eecb99c4615a407372f333391fd,Val loss,0.1296160618464152,157,1687830784787
e4392eecb99c4615a407372f333391fd,Val loss,0.1421281099319458,158,1687830788742
e4392eecb99c4615a407372f333391fd,Val loss,0.12549868474404016,159,1687830792696
e4392eecb99c4615a407372f333391fd,Val loss,0.11399283694724242,160,1687830796630
e4392eecb99c4615a407372f333391fd,Val loss,0.13212517400582632,161,1687830800587
e4392eecb99c4615a407372f333391fd,Val loss,0.19671866297721863,162,1687830804541
e4392eecb99c4615a407372f333391fd,Val loss,0.1267803447941939,163,1687830808492
e4392eecb99c4615a407372f333391fd,Val loss,0.15611476202805838,164,1687830812426
e4392eecb99c4615a407372f333391fd,Val loss,0.11336405280356605,165,1687830816382
e4392eecb99c4615a407372f333391fd,Val loss,0.11912545623878638,166,1687830820318
e4392eecb99c4615a407372f333391fd,Val loss,0.11621899887298544,167,1687830824274
e4392eecb99c4615a407372f333391fd,Val loss,0.11938087580104668,168,1687830828210
e4392eecb99c4615a407372f333391fd,Val loss,0.16936891277631125,169,1687830832150
e4392eecb99c4615a407372f333391fd,Val loss,0.22083220879236856,170,1687830836105
e4392eecb99c4615a407372f333391fd,Val loss,0.17712949713071188,171,1687830840155
e4392eecb99c4615a407372f333391fd,Val loss,0.27805157502492267,172,1687830844089
e4392eecb99c4615a407372f333391fd,Val loss,0.18667060136795044,173,1687830848028
e4392eecb99c4615a407372f333391fd,Val loss,0.12071564638366301,174,1687830851980
e4392eecb99c4615a407372f333391fd,Val loss,0.14214129000902176,175,1687830855908
e4392eecb99c4615a407372f333391fd,Val loss,0.14980296790599823,176,1687830859855
e4392eecb99c4615a407372f333391fd,Val loss,0.2727121685942014,177,1687830863792
e4392eecb99c4615a407372f333391fd,Val loss,0.13824255019426346,178,1687830867694
e4392eecb99c4615a407372f333391fd,Val loss,0.24273276080687842,179,1687830871794
e4392eecb99c4615a407372f333391fd,Val loss,0.11601289656634133,180,1687830875843
e4392eecb99c4615a407372f333391fd,Val loss,0.1876629739999771,181,1687830879810
e4392eecb99c4615a407372f333391fd,Val loss,0.16081311305363974,182,1687830883704
e4392eecb99c4615a407372f333391fd,Val loss,0.28066031138102215,183,1687830887556
e4392eecb99c4615a407372f333391fd,Val loss,0.1403562252720197,184,1687830891424
e4392eecb99c4615a407372f333391fd,Val loss,0.1117493836209178,185,1687830895286
e4392eecb99c4615a407372f333391fd,Val loss,0.12329086537162463,186,1687830899154
e4392eecb99c4615a407372f333391fd,Val loss,0.15925048291683197,187,1687830903021
e4392eecb99c4615a407372f333391fd,Val loss,0.11980914510786533,188,1687830906893
e4392eecb99c4615a407372f333391fd,Val loss,0.11547894907804827,189,1687830910765
e4392eecb99c4615a407372f333391fd,Val loss,0.12041224958375096,190,1687830914640
e4392eecb99c4615a407372f333391fd,Val loss,0.17542276283105215,191,1687830918512
e4392eecb99c4615a407372f333391fd,Val loss,0.12345775589346886,192,1687830922366
e4392eecb99c4615a407372f333391fd,Val loss,0.12638172010580698,193,1687830926237
e4392eecb99c4615a407372f333391fd,Val loss,0.1499419038494428,194,1687830930159
e4392eecb99c4615a407372f333391fd,Val loss,0.12162097295125325,195,1687830934041
e4392eecb99c4615a407372f333391fd,Val loss,0.1113258780290683,196,1687830937949
e4392eecb99c4615a407372f333391fd,Val loss,0.14059748500585556,197,1687830941835
e4392eecb99c4615a407372f333391fd,Val loss,0.12157651161154111,198,1687830945732
e4392eecb99c4615a407372f333391fd,Val loss,0.12546333173910776,199,1687830949660
e4392eecb99c4615a407372f333391fd,Val loss,0.19740890463193259,200,1687830953564
e4392eecb99c4615a407372f333391fd,Val loss,0.11750110145658255,201,1687830957455
e4392eecb99c4615a407372f333391fd,Val loss,0.11309647001326084,202,1687830961369
e4392eecb99c4615a407372f333391fd,Val loss,0.10894878343970049,203,1687830965244
e4392eecb99c4615a407372f333391fd,Val loss,0.16771862904230753,204,1687830969102
e4392eecb99c4615a407372f333391fd,Val loss,0.1548315038283666,205,1687830972947
e4392eecb99c4615a407372f333391fd,Val loss,0.11383003710458676,206,1687830976798
e4392eecb99c4615a407372f333391fd,Val loss,0.11356179633488257,207,1687830980673
e4392eecb99c4615a407372f333391fd,Val loss,0.11831057692567508,208,1687830984674
e4392eecb99c4615a407372f333391fd,Val loss,0.1174189941957593,209,1687830988653
e4392eecb99c4615a407372f333391fd,Val loss,0.17622832457224527,210,1687830992643
e4392eecb99c4615a407372f333391fd,Val loss,0.3126289223631223,211,1687830996636
e4392eecb99c4615a407372f333391fd,Val loss,0.11759878764860332,212,1687831000610
e4392eecb99c4615a407372f333391fd,Val loss,0.15006475150585175,213,1687831004462
e4392eecb99c4615a407372f333391fd,Val loss,0.16950754821300507,214,1687831008283
e4392eecb99c4615a407372f333391fd,Val loss,0.40264978508154553,215,1687831012109
e4392eecb99c4615a407372f333391fd,Val loss,0.13354482625921568,216,1687831015936
e4392eecb99c4615a407372f333391fd,Val loss,0.11882263033961256,217,1687831019751
e4392eecb99c4615a407372f333391fd,Val loss,0.219557153681914,218,1687831023720
e4392eecb99c4615a407372f333391fd,Val loss,0.12150309886783361,219,1687831027663
e4392eecb99c4615a407372f333391fd,Val loss,0.15250421315431595,220,1687831031596
e4392eecb99c4615a407372f333391fd,Val loss,0.1233679922297597,221,1687831035656
e4392eecb99c4615a407372f333391fd,Val loss,0.16215733190377554,222,1687831039596
e4392eecb99c4615a407372f333391fd,Val loss,0.1539376601576805,223,1687831043506
e4392eecb99c4615a407372f333391fd,Val loss,0.1379918778936068,224,1687831047430
e4392eecb99c4615a407372f333391fd,Val loss,0.17166505008935928,225,1687831051391
e4392eecb99c4615a407372f333391fd,Val loss,0.388355811436971,226,1687831055346
e4392eecb99c4615a407372f333391fd,Val loss,0.20215334494908652,227,1687831059272
e4392eecb99c4615a407372f333391fd,Val loss,0.12784703262150288,228,1687831063224
e4392eecb99c4615a407372f333391fd,Val loss,0.19235687951246896,229,1687831067147
e4392eecb99c4615a407372f333391fd,Val loss,0.14109170188506445,230,1687831071072
e4392eecb99c4615a407372f333391fd,Val loss,0.15248358498016992,231,1687831075259
e4392eecb99c4615a407372f333391fd,Val loss,0.19188104569911957,232,1687831079216
e4392eecb99c4615a407372f333391fd,Val loss,0.11428743818153937,233,1687831083176
e4392eecb99c4615a407372f333391fd,Val loss,0.162746528784434,234,1687831087128
e4392eecb99c4615a407372f333391fd,Val loss,0.15554930766423544,235,1687831091062
e4392eecb99c4615a407372f333391fd,Val loss,0.20740720381339392,236,1687831095026
e4392eecb99c4615a407372f333391fd,Val loss,0.15920660396416983,237,1687831099054
e4392eecb99c4615a407372f333391fd,Val loss,0.33365286389986676,238,1687831103086
e4392eecb99c4615a407372f333391fd,Val loss,0.12402745957175891,239,1687831107108
e4392eecb99c4615a407372f333391fd,Val loss,0.12214632580677669,240,1687831111126
e4392eecb99c4615a407372f333391fd,Val loss,0.12211442800859611,241,1687831115141
e4392eecb99c4615a407372f333391fd,Val loss,0.1205907945210735,242,1687831119170
e4392eecb99c4615a407372f333391fd,Val loss,0.18505132074157396,243,1687831123200
e4392eecb99c4615a407372f333391fd,Val loss,0.11825247809368496,244,1687831127233
e4392eecb99c4615a407372f333391fd,Val loss,0.18948806573947272,245,1687831131280
e4392eecb99c4615a407372f333391fd,Val loss,0.3152996152639389,246,1687831135318
e4392eecb99c4615a407372f333391fd,Val loss,0.13973071426153183,247,1687831139379
e4392eecb99c4615a407372f333391fd,Val loss,0.3234192058444023,248,1687831143406
e4392eecb99c4615a407372f333391fd,Val loss,0.1746774564186732,249,1687831147407
e4392eecb99c4615a407372f333391fd,Val loss,0.30378407984972,250,1687831151410
e4392eecb99c4615a407372f333391fd,Val loss,0.20505008101463318,251,1687831155448
e4392eecb99c4615a407372f333391fd,Val loss,0.13480420410633087,252,1687831159436
e4392eecb99c4615a407372f333391fd,Val loss,0.13551024223367372,253,1687831163372
e4392eecb99c4615a407372f333391fd,Val loss,0.11992427098933452,254,1687831167318
e4392eecb99c4615a407372f333391fd,Val loss,0.23124490678310394,255,1687831171233
e4392eecb99c4615a407372f333391fd,Val loss,0.12620443074653545,256,1687831175161
e4392eecb99c4615a407372f333391fd,Val loss,0.19037037094434103,257,1687831179106
e4392eecb99c4615a407372f333391fd,Val loss,0.12809184938669205,258,1687831183071
e4392eecb99c4615a407372f333391fd,Val loss,0.2198165108760198,259,1687831187075
e4392eecb99c4615a407372f333391fd,Val loss,0.12564274606605372,260,1687831191051
e4392eecb99c4615a407372f333391fd,Val loss,0.11917612748220563,261,1687831195027
e4392eecb99c4615a407372f333391fd,Val loss,0.12730136141180992,262,1687831198761
e4392eecb99c4615a407372f333391fd,Val loss,0.12057206903894742,263,1687831202610
e4392eecb99c4615a407372f333391fd,Val loss,0.13818208004037538,264,1687831206347
e4392eecb99c4615a407372f333391fd,Val loss,0.1550878807902336,265,1687831210052
e4392eecb99c4615a407372f333391fd,Val loss,0.1305440254509449,266,1687831213738
e4392eecb99c4615a407372f333391fd,Val loss,0.17052669326464334,267,1687831217413
e4392eecb99c4615a407372f333391fd,Val loss,0.17563198506832123,268,1687831221122
e4392eecb99c4615a407372f333391fd,Val loss,0.2062907119592031,269,1687831224821
e4392eecb99c4615a407372f333391fd,Val loss,0.3328969751795133,270,1687831228512
e4392eecb99c4615a407372f333391fd,Val loss,0.20905452221632004,271,1687831232196
e4392eecb99c4615a407372f333391fd,Val loss,0.17112834751605988,272,1687831235848
e4392eecb99c4615a407372f333391fd,Val loss,0.13640590632955232,273,1687831239544
e4392eecb99c4615a407372f333391fd,Val loss,0.14833764731884003,274,1687831243536
e4392eecb99c4615a407372f333391fd,Val loss,0.15300236394008002,275,1687831247551
e4392eecb99c4615a407372f333391fd,Val loss,0.12078247553048034,276,1687831251579
e4392eecb99c4615a407372f333391fd,Val loss,0.1628747694194317,277,1687831255305
e4392eecb99c4615a407372f333391fd,Val loss,0.13030733168125153,278,1687831258987
e4392eecb99c4615a407372f333391fd,Val loss,0.12494934350252151,279,1687831262708
e4392eecb99c4615a407372f333391fd,Val loss,0.14917429288228354,280,1687831266582
e4392eecb99c4615a407372f333391fd,Val loss,0.20433689653873444,281,1687831270451
e4392eecb99c4615a407372f333391fd,Val loss,0.26278768728176755,282,1687831274316
e4392eecb99c4615a407372f333391fd,Val loss,0.12973069151242575,283,1687831278186
e4392eecb99c4615a407372f333391fd,Val loss,0.12996351780990759,284,1687831282069
e4392eecb99c4615a407372f333391fd,Val loss,0.15113680561383566,285,1687831285920
e4392eecb99c4615a407372f333391fd,Val loss,0.12001746598010261,286,1687831289772
e4392eecb99c4615a407372f333391fd,Val loss,0.23803119113047919,287,1687831293683
e4392eecb99c4615a407372f333391fd,Val loss,0.33447350809971493,288,1687831297767
e4392eecb99c4615a407372f333391fd,Val loss,0.12144305634622772,289,1687831301716
e4392eecb99c4615a407372f333391fd,Val loss,0.18060279140869775,290,1687831305805
e4392eecb99c4615a407372f333391fd,Val loss,0.11943296851435055,291,1687831309767
e4392eecb99c4615a407372f333391fd,Val loss,0.38192002351085347,292,1687831313733
e4392eecb99c4615a407372f333391fd,Val loss,0.1494745189944903,293,1687831317696
e4392eecb99c4615a407372f333391fd,Val loss,0.12345044687390327,294,1687831321632
e4392eecb99c4615a407372f333391fd,Val loss,0.4222530449430148,295,1687831325587
e4392eecb99c4615a407372f333391fd,Val loss,0.1630157008767128,296,1687831329524
e4392eecb99c4615a407372f333391fd,Val loss,0.17136649787425995,297,1687831333506
e4392eecb99c4615a407372f333391fd,Val loss,0.16844785710175833,298,1687831337409
e4392eecb99c4615a407372f333391fd,Val loss,0.11979653934637706,299,1687831341339
e4392eecb99c4615a407372f333391fd,Train loss,0.6063310441217924,0,1687830172992
e4392eecb99c4615a407372f333391fd,Train loss,0.5421057453281001,1,1687830176793
e4392eecb99c4615a407372f333391fd,Train loss,0.5209424025134036,2,1687830180635
e4392eecb99c4615a407372f333391fd,Train loss,0.5088700307042975,3,1687830184437
e4392eecb99c4615a407372f333391fd,Train loss,0.4927036730866683,4,1687830188290
e4392eecb99c4615a407372f333391fd,Train loss,0.47946276162800033,5,1687830192232
e4392eecb99c4615a407372f333391fd,Train loss,0.4799273845396544,6,1687830196036
e4392eecb99c4615a407372f333391fd,Train loss,0.48076674499009786,7,1687830199863
e4392eecb99c4615a407372f333391fd,Train loss,0.451292612050709,8,1687830203705
e4392eecb99c4615a407372f333391fd,Train loss,0.4364576763228366,9,1687830207534
e4392eecb99c4615a407372f333391fd,Train loss,0.4409262694810566,10,1687830211343
e4392eecb99c4615a407372f333391fd,Train loss,0.4284651655899851,11,1687830215303
e4392eecb99c4615a407372f333391fd,Train loss,0.42293124136171845,12,1687830219136
e4392eecb99c4615a407372f333391fd,Train loss,0.3871473528836903,13,1687830222977
e4392eecb99c4615a407372f333391fd,Train loss,0.412430581293608,14,1687830226849
e4392eecb99c4615a407372f333391fd,Train loss,0.40265014297083807,15,1687830230736
e4392eecb99c4615a407372f333391fd,Train loss,0.3881270101195888,16,1687830234621
e4392eecb99c4615a407372f333391fd,Train loss,0.3768655202890697,17,1687830238500
e4392eecb99c4615a407372f333391fd,Train loss,0.3759620393577375,18,1687830242418
e4392eecb99c4615a407372f333391fd,Train loss,0.37541845911427546,19,1687830246314
e4392eecb99c4615a407372f333391fd,Train loss,0.36033814831783895,20,1687830250219
e4392eecb99c4615a407372f333391fd,Train loss,0.35405467764327403,21,1687830254103
e4392eecb99c4615a407372f333391fd,Train loss,0.35608052658407313,22,1687830257979
e4392eecb99c4615a407372f333391fd,Train loss,0.3402895111786692,23,1687830261933
e4392eecb99c4615a407372f333391fd,Train loss,0.34786251657887507,24,1687830265827
e4392eecb99c4615a407372f333391fd,Train loss,0.3558306952840404,25,1687830269670
e4392eecb99c4615a407372f333391fd,Train loss,0.346011915489247,26,1687830273527
e4392eecb99c4615a407372f333391fd,Train loss,0.32734815776348114,27,1687830277394
e4392eecb99c4615a407372f333391fd,Train loss,0.3376045540759438,28,1687830281028
e4392eecb99c4615a407372f333391fd,Train loss,0.3191558232432918,29,1687830284619
e4392eecb99c4615a407372f333391fd,Train loss,0.3182075635383004,30,1687830288239
e4392eecb99c4615a407372f333391fd,Train loss,0.30903340248685135,31,1687830291846
e4392eecb99c4615a407372f333391fd,Train loss,0.3231836486803858,32,1687830295679
e4392eecb99c4615a407372f333391fd,Train loss,0.31575695072349746,33,1687830299599
e4392eecb99c4615a407372f333391fd,Train loss,0.2921176944908343,34,1687830303472
e4392eecb99c4615a407372f333391fd,Train loss,0.3025448777173695,35,1687830307391
e4392eecb99c4615a407372f333391fd,Train loss,0.3057849446409627,36,1687830311312
e4392eecb99c4615a407372f333391fd,Train loss,0.30457422843104914,37,1687830315228
e4392eecb99c4615a407372f333391fd,Train loss,0.3037564064327039,38,1687830319119
e4392eecb99c4615a407372f333391fd,Train loss,0.3080883324146271,39,1687830323001
e4392eecb99c4615a407372f333391fd,Train loss,0.29922021376459224,40,1687830326894
e4392eecb99c4615a407372f333391fd,Train loss,0.29248709976673126,41,1687830330793
e4392eecb99c4615a407372f333391fd,Train loss,0.281637136873446,42,1687830334727
e4392eecb99c4615a407372f333391fd,Train loss,0.2816848370589708,43,1687830338622
e4392eecb99c4615a407372f333391fd,Train loss,0.26469032544838755,44,1687830342547
e4392eecb99c4615a407372f333391fd,Train loss,0.2662682548949593,45,1687830346448
e4392eecb99c4615a407372f333391fd,Train loss,0.2734777652903607,46,1687830350355
e4392eecb99c4615a407372f333391fd,Train loss,0.269332050492889,47,1687830354272
e4392eecb99c4615a407372f333391fd,Train loss,0.2622786438778827,48,1687830358147
e4392eecb99c4615a407372f333391fd,Train loss,0.2613397138683419,49,1687830362016
e4392eecb99c4615a407372f333391fd,Train loss,0.25510264776254954,50,1687830365906
e4392eecb99c4615a407372f333391fd,Train loss,0.25608683495145096,51,1687830369821
e4392eecb99c4615a407372f333391fd,Train loss,0.2537661622229375,52,1687830373748
e4392eecb99c4615a407372f333391fd,Train loss,0.26647885849601344,53,1687830377755
e4392eecb99c4615a407372f333391fd,Train loss,0.2509740630262776,54,1687830381667
e4392eecb99c4615a407372f333391fd,Train loss,0.24942445284441897,55,1687830385552
e4392eecb99c4615a407372f333391fd,Train loss,0.257098199505555,56,1687830389412
e4392eecb99c4615a407372f333391fd,Train loss,0.2276616527845985,57,1687830393286
e4392eecb99c4615a407372f333391fd,Train loss,0.22811050477780795,58,1687830397298
e4392eecb99c4615a407372f333391fd,Train loss,0.2372570077055379,59,1687830401253
e4392eecb99c4615a407372f333391fd,Train loss,0.24923924709621229,60,1687830405217
e4392eecb99c4615a407372f333391fd,Train loss,0.2360846941408358,61,1687830409194
e4392eecb99c4615a407372f333391fd,Train loss,0.2341792446218039,62,1687830413176
e4392eecb99c4615a407372f333391fd,Train loss,0.2311948726051732,63,1687830417138
e4392eecb99c4615a407372f333391fd,Train loss,0.22971820831298828,64,1687830421122
e4392eecb99c4615a407372f333391fd,Train loss,0.22605207405592265,65,1687830425104
e4392eecb99c4615a407372f333391fd,Train loss,0.23071486698953728,66,1687830429081
e4392eecb99c4615a407372f333391fd,Train loss,0.231647064811305,67,1687830433056
e4392eecb99c4615a407372f333391fd,Train loss,0.23234235181620247,68,1687830437056
e4392eecb99c4615a407372f333391fd,Train loss,0.21613260319358424,69,1687830441040
e4392eecb99c4615a407372f333391fd,Train loss,0.2065913959553367,70,1687830445009
e4392eecb99c4615a407372f333391fd,Train loss,0.22506945384176155,71,1687830448973
e4392eecb99c4615a407372f333391fd,Train loss,0.21228053538422836,72,1687830452948
e4392eecb99c4615a407372f333391fd,Train loss,0.2221750660162223,73,1687830457030
e4392eecb99c4615a407372f333391fd,Train loss,0.21705086137119092,74,1687830461094
e4392eecb99c4615a407372f333391fd,Train loss,0.20484713072839536,75,1687830465072
e4392eecb99c4615a407372f333391fd,Train loss,0.22707374707648628,76,1687830469061
e4392eecb99c4615a407372f333391fd,Train loss,0.1972188635876304,77,1687830472822
e4392eecb99c4615a407372f333391fd,Train loss,0.2152352395810579,78,1687830476542
e4392eecb99c4615a407372f333391fd,Train loss,0.2044540686826957,79,1687830480273
e4392eecb99c4615a407372f333391fd,Train loss,0.2129564297042395,80,1687830483970
e4392eecb99c4615a407372f333391fd,Train loss,0.20860702113101356,81,1687830487698
e4392eecb99c4615a407372f333391fd,Train loss,0.2182017682414306,82,1687830491440
e4392eecb99c4615a407372f333391fd,Train loss,0.22283434083587245,83,1687830495152
e4392eecb99c4615a407372f333391fd,Train loss,0.20353320986032486,84,1687830498890
e4392eecb99c4615a407372f333391fd,Train loss,0.20104750873226868,85,1687830502599
e4392eecb99c4615a407372f333391fd,Train loss,0.2041188109862177,86,1687830506306
e4392eecb99c4615a407372f333391fd,Train loss,0.21823951994117938,87,1687830510026
e4392eecb99c4615a407372f333391fd,Train loss,0.20419632408179736,88,1687830513736
e4392eecb99c4615a407372f333391fd,Train loss,0.20330519150746496,89,1687830517445
e4392eecb99c4615a407372f333391fd,Train loss,0.19766122612513995,90,1687830521160
e4392eecb99c4615a407372f333391fd,Train loss,0.1919432564785606,91,1687830524902
e4392eecb99c4615a407372f333391fd,Train loss,0.19153858956537748,92,1687830528627
e4392eecb99c4615a407372f333391fd,Train loss,0.19553763301748978,93,1687830532344
e4392eecb99c4615a407372f333391fd,Train loss,0.20752431609128652,94,1687830536074
e4392eecb99c4615a407372f333391fd,Train loss,0.19006406751118207,95,1687830539931
e4392eecb99c4615a407372f333391fd,Train loss,0.19597222930506655,96,1687830543617
e4392eecb99c4615a407372f333391fd,Train loss,0.1920813137763425,97,1687830547324
e4392eecb99c4615a407372f333391fd,Train loss,0.18526284906424975,98,1687830551053
e4392eecb99c4615a407372f333391fd,Train loss,0.19068737720188342,99,1687830554787
e4392eecb99c4615a407372f333391fd,Train loss,0.19088529128777354,100,1687830558748
e4392eecb99c4615a407372f333391fd,Train loss,0.191483525853408,101,1687830562673
e4392eecb99c4615a407372f333391fd,Train loss,0.20027516703856618,102,1687830566608
e4392eecb99c4615a407372f333391fd,Train loss,0.18962243983620092,103,1687830570568
e4392eecb99c4615a407372f333391fd,Train loss,0.18653372165403867,104,1687830574521
e4392eecb99c4615a407372f333391fd,Train loss,0.19246887337220342,105,1687830578444
e4392eecb99c4615a407372f333391fd,Train loss,0.18949487530871442,106,1687830582369
e4392eecb99c4615a407372f333391fd,Train loss,0.18755402925767398,107,1687830586334
e4392eecb99c4615a407372f333391fd,Train loss,0.18496171071341164,108,1687830590291
e4392eecb99c4615a407372f333391fd,Train loss,0.17422224777309517,109,1687830594250
e4392eecb99c4615a407372f333391fd,Train loss,0.1804296190017148,110,1687830598222
e4392eecb99c4615a407372f333391fd,Train loss,0.19035075212779798,111,1687830602160
e4392eecb99c4615a407372f333391fd,Train loss,0.18360918603445353,112,1687830606122
e4392eecb99c4615a407372f333391fd,Train loss,0.1839793226436565,113,1687830610071
e4392eecb99c4615a407372f333391fd,Train loss,0.1769268736243248,114,1687830614033
e4392eecb99c4615a407372f333391fd,Train loss,0.17421336511248037,115,1687830617987
e4392eecb99c4615a407372f333391fd,Train loss,0.18810755249701047,116,1687830621989
e4392eecb99c4615a407372f333391fd,Train loss,0.16975141748001701,117,1687830625943
e4392eecb99c4615a407372f333391fd,Train loss,0.1745974766580682,118,1687830629894
e4392eecb99c4615a407372f333391fd,Train loss,0.17318703273409292,119,1687830633813
e4392eecb99c4615a407372f333391fd,Train loss,0.18324568514761172,120,1687830637742
e4392eecb99c4615a407372f333391fd,Train loss,0.18348136485407227,121,1687830641688
e4392eecb99c4615a407372f333391fd,Train loss,0.1790370070620587,122,1687830645671
e4392eecb99c4615a407372f333391fd,Train loss,0.17462691625482157,123,1687830649618
e4392eecb99c4615a407372f333391fd,Train loss,0.16690262563918767,124,1687830653569
e4392eecb99c4615a407372f333391fd,Train loss,0.1768891462369969,125,1687830657522
e4392eecb99c4615a407372f333391fd,Train loss,0.1720899445445914,126,1687830661490
e4392eecb99c4615a407372f333391fd,Train loss,0.19183549794711566,127,1687830665455
e4392eecb99c4615a407372f333391fd,Train loss,0.17209994675297485,128,1687830669423
e4392eecb99c4615a407372f333391fd,Train loss,0.1798857419114364,129,1687830673389
e4392eecb99c4615a407372f333391fd,Train loss,0.1706404364422748,130,1687830677343
e4392eecb99c4615a407372f333391fd,Train loss,0.1826107247095359,131,1687830681277
e4392eecb99c4615a407372f333391fd,Train loss,0.17796041816473007,132,1687830685283
e4392eecb99c4615a407372f333391fd,Train loss,0.15847091376781464,133,1687830689219
e4392eecb99c4615a407372f333391fd,Train loss,0.1703169345855713,134,1687830693165
e4392eecb99c4615a407372f333391fd,Train loss,0.1702522278616303,135,1687830697113
e4392eecb99c4615a407372f333391fd,Train loss,0.17755142873839327,136,1687830701043
e4392eecb99c4615a407372f333391fd,Train loss,0.16159214040166453,137,1687830704940
e4392eecb99c4615a407372f333391fd,Train loss,0.16675664641355215,138,1687830709049
e4392eecb99c4615a407372f333391fd,Train loss,0.16818254441022873,139,1687830712997
e4392eecb99c4615a407372f333391fd,Train loss,0.173417618792308,140,1687830716959
e4392eecb99c4615a407372f333391fd,Train loss,0.15740938916018135,141,1687830720905
e4392eecb99c4615a407372f333391fd,Train loss,0.17153683147932353,142,1687830724935
e4392eecb99c4615a407372f333391fd,Train loss,0.16626767069101334,143,1687830729261
e4392eecb99c4615a407372f333391fd,Train loss,0.1678583288663312,144,1687830733301
e4392eecb99c4615a407372f333391fd,Train loss,0.16741904185006493,145,1687830737268
e4392eecb99c4615a407372f333391fd,Train loss,0.16410064461984133,146,1687830741306
e4392eecb99c4615a407372f333391fd,Train loss,0.16137025230809263,147,1687830745218
e4392eecb99c4615a407372f333391fd,Train loss,0.1719732480613809,148,1687830749133
e4392eecb99c4615a407372f333391fd,Train loss,0.1633958942011783,149,1687830753097
e4392eecb99c4615a407372f333391fd,Train loss,0.15258093668442024,150,1687830757017
e4392eecb99c4615a407372f333391fd,Train loss,0.1742794294106333,151,1687830760942
e4392eecb99c4615a407372f333391fd,Train loss,0.16224543946354011,152,1687830764865
e4392eecb99c4615a407372f333391fd,Train loss,0.17472772378670542,153,1687830768824
e4392eecb99c4615a407372f333391fd,Train loss,0.16753305612426056,154,1687830772767
e4392eecb99c4615a407372f333391fd,Train loss,0.15622271793453316,155,1687830776705
e4392eecb99c4615a407372f333391fd,Train loss,0.15948522404620522,156,1687830780652
e4392eecb99c4615a407372f333391fd,Train loss,0.16697533389455393,157,1687830784591
e4392eecb99c4615a407372f333391fd,Train loss,0.16918915980740598,158,1687830788545
e4392eecb99c4615a407372f333391fd,Train loss,0.17090078129580147,159,1687830792499
e4392eecb99c4615a407372f333391fd,Train loss,0.1624230146408081,160,1687830796432
e4392eecb99c4615a407372f333391fd,Train loss,0.16643675220640083,161,1687830800391
e4392eecb99c4615a407372f333391fd,Train loss,0.14747401366108343,162,1687830804341
e4392eecb99c4615a407372f333391fd,Train loss,0.1620666804282289,163,1687830808290
e4392eecb99c4615a407372f333391fd,Train loss,0.1526345320438084,164,1687830812232
e4392eecb99c4615a407372f333391fd,Train loss,0.16381419136335976,165,1687830816181
e4392eecb99c4615a407372f333391fd,Train loss,0.1643211767077446,166,1687830820118
e4392eecb99c4615a407372f333391fd,Train loss,0.15213687639487417,167,1687830824077
e4392eecb99c4615a407372f333391fd,Train loss,0.1589860441653352,168,1687830828014
e4392eecb99c4615a407372f333391fd,Train loss,0.16000508085677498,169,1687830831956
e4392eecb99c4615a407372f333391fd,Train loss,0.16916032919758245,170,1687830835903
e4392eecb99c4615a407372f333391fd,Train loss,0.16867543972636523,171,1687830839958
e4392eecb99c4615a407372f333391fd,Train loss,0.16396014706084602,172,1687830843889
e4392eecb99c4615a407372f333391fd,Train loss,0.1651124209165573,173,1687830847837
e4392eecb99c4615a407372f333391fd,Train loss,0.1590874022559116,174,1687830851772
e4392eecb99c4615a407372f333391fd,Train loss,0.1557046010306007,175,1687830855713
e4392eecb99c4615a407372f333391fd,Train loss,0.15201111177080556,176,1687830859647
e4392eecb99c4615a407372f333391fd,Train loss,0.15102794178222356,177,1687830863597
e4392eecb99c4615a407372f333391fd,Train loss,0.14893849939107895,178,1687830867501
e4392eecb99c4615a407372f333391fd,Train loss,0.1525825764003553,179,1687830871587
e4392eecb99c4615a407372f333391fd,Train loss,0.1669996039647805,180,1687830875639
e4392eecb99c4615a407372f333391fd,Train loss,0.15242745962582135,181,1687830879608
e4392eecb99c4615a407372f333391fd,Train loss,0.14361257576628736,182,1687830883513
e4392eecb99c4615a407372f333391fd,Train loss,0.14909201605539574,183,1687830887360
e4392eecb99c4615a407372f333391fd,Train loss,0.1557103258214499,184,1687830891232
e4392eecb99c4615a407372f333391fd,Train loss,0.15600897587443652,185,1687830895083
e4392eecb99c4615a407372f333391fd,Train loss,0.1488043116895776,186,1687830898961
e4392eecb99c4615a407372f333391fd,Train loss,0.14814233348557823,187,1687830902820
e4392eecb99c4615a407372f333391fd,Train loss,0.15849923146398445,188,1687830906698
e4392eecb99c4615a407372f333391fd,Train loss,0.14401207825070933,189,1687830910569
e4392eecb99c4615a407372f333391fd,Train loss,0.15459070472340836,190,1687830914447
e4392eecb99c4615a407372f333391fd,Train loss,0.15357901626511625,191,1687830918315
e4392eecb99c4615a407372f333391fd,Train loss,0.1510220566078236,192,1687830922173
e4392eecb99c4615a407372f333391fd,Train loss,0.15199033994423716,193,1687830926044
e4392eecb99c4615a407372f333391fd,Train loss,0.15503732820874766,194,1687830929968
e4392eecb99c4615a407372f333391fd,Train loss,0.15416218183542552,195,1687830933847
e4392eecb99c4615a407372f333391fd,Train loss,0.15853941597436605,196,1687830937749
e4392eecb99c4615a407372f333391fd,Train loss,0.15962808187070646,197,1687830941627
e4392eecb99c4615a407372f333391fd,Train loss,0.15302613887347674,198,1687830945533
e4392eecb99c4615a407372f333391fd,Train loss,0.1561366190251551,199,1687830949466
e4392eecb99c4615a407372f333391fd,Train loss,0.17227607534119957,200,1687830953366
e4392eecb99c4615a407372f333391fd,Train loss,0.147012318827604,201,1687830957264
e4392eecb99c4615a407372f333391fd,Train loss,0.14820246045526705,202,1687830961163
e4392eecb99c4615a407372f333391fd,Train loss,0.1632650690643411,203,1687830965053
e4392eecb99c4615a407372f333391fd,Train loss,0.14483517702472837,204,1687830968911
e4392eecb99c4615a407372f333391fd,Train loss,0.1598003628222566,205,1687830972756
e4392eecb99c4615a407372f333391fd,Train loss,0.15519561285251066,206,1687830976606
e4392eecb99c4615a407372f333391fd,Train loss,0.16173065296913447,207,1687830980459
e4392eecb99c4615a407372f333391fd,Train loss,0.15352642849871986,208,1687830984466
e4392eecb99c4615a407372f333391fd,Train loss,0.14708674659854487,209,1687830988445
e4392eecb99c4615a407372f333391fd,Train loss,0.15654141377461583,210,1687830992447
e4392eecb99c4615a407372f333391fd,Train loss,0.14266900482930636,211,1687830996439
e4392eecb99c4615a407372f333391fd,Train loss,0.1460845305731422,212,1687831000403
e4392eecb99c4615a407372f333391fd,Train loss,0.14999953618175105,213,1687831004273
e4392eecb99c4615a407372f333391fd,Train loss,0.15973215628611415,214,1687831008095
e4392eecb99c4615a407372f333391fd,Train loss,0.13828288450052864,215,1687831011922
e4392eecb99c4615a407372f333391fd,Train loss,0.14288032486250526,216,1687831015745
e4392eecb99c4615a407372f333391fd,Train loss,0.1603350945209202,217,1687831019547
e4392eecb99c4615a407372f333391fd,Train loss,0.15193299243324682,218,1687831023521
e4392eecb99c4615a407372f333391fd,Train loss,0.14847879464689054,219,1687831027460
e4392eecb99c4615a407372f333391fd,Train loss,0.14944512789186679,220,1687831031393
e4392eecb99c4615a407372f333391fd,Train loss,0.14235969358368925,221,1687831035457
e4392eecb99c4615a407372f333391fd,Train loss,0.15281811121263003,222,1687831039395
e4392eecb99c4615a407372f333391fd,Train loss,0.15201486372633985,223,1687831043312
e4392eecb99c4615a407372f333391fd,Train loss,0.15792109268276314,224,1687831047230
e4392eecb99c4615a407372f333391fd,Train loss,0.16145076837978864,225,1687831051181
e4392eecb99c4615a407372f333391fd,Train loss,0.14642582676912608,226,1687831055141
e4392eecb99c4615a407372f333391fd,Train loss,0.1483622832517875,227,1687831059076
e4392eecb99c4615a407372f333391fd,Train loss,0.14724006013650642,228,1687831063019
e4392eecb99c4615a407372f333391fd,Train loss,0.1497853225783298,229,1687831066950
e4392eecb99c4615a407372f333391fd,Train loss,0.16085970401763916,230,1687831070874
e4392eecb99c4615a407372f333391fd,Train loss,0.15233727662186874,231,1687831075065
e4392eecb99c4615a407372f333391fd,Train loss,0.1557950948021914,232,1687831079018
e4392eecb99c4615a407372f333391fd,Train loss,0.14965118428594187,233,1687831082970
e4392eecb99c4615a407372f333391fd,Train loss,0.14539380136289096,234,1687831086925
e4392eecb99c4615a407372f333391fd,Train loss,0.14275506570150978,235,1687831090865
e4392eecb99c4615a407372f333391fd,Train loss,0.1501229719111794,236,1687831094827
e4392eecb99c4615a407372f333391fd,Train loss,0.13947615458777077,237,1687831098854
e4392eecb99c4615a407372f333391fd,Train loss,0.1480773334440432,238,1687831102886
e4392eecb99c4615a407372f333391fd,Train loss,0.15338158489842163,239,1687831106895
e4392eecb99c4615a407372f333391fd,Train loss,0.14850343685401113,240,1687831110926
e4392eecb99c4615a407372f333391fd,Train loss,0.14758274880679031,241,1687831114928
e4392eecb99c4615a407372f333391fd,Train loss,0.1527706278782142,242,1687831118977
e4392eecb99c4615a407372f333391fd,Train loss,0.1630004495382309,243,1687831122994
e4392eecb99c4615a407372f333391fd,Train loss,0.14703081312932467,244,1687831127034
e4392eecb99c4615a407372f333391fd,Train loss,0.14381792866869977,245,1687831131078
e4392eecb99c4615a407372f333391fd,Train loss,0.139929755737907,246,1687831135118
e4392eecb99c4615a407372f333391fd,Train loss,0.14607696705742887,247,1687831139178
e4392eecb99c4615a407372f333391fd,Train loss,0.1483073999222956,248,1687831143205
e4392eecb99c4615a407372f333391fd,Train loss,0.14182614495879725,249,1687831147205
e4392eecb99c4615a407372f333391fd,Train loss,0.137691404474409,250,1687831151211
e4392eecb99c4615a407372f333391fd,Train loss,0.14574113566624491,251,1687831155252
e4392eecb99c4615a407372f333391fd,Train loss,0.14484915882349014,252,1687831159234
e4392eecb99c4615a407372f333391fd,Train loss,0.14277710608745875,253,1687831163177
e4392eecb99c4615a407372f333391fd,Train loss,0.1510358864539548,254,1687831167122
e4392eecb99c4615a407372f333391fd,Train loss,0.14058573936161242,255,1687831171038
e4392eecb99c4615a407372f333391fd,Train loss,0.14313991328603343,256,1687831174967
e4392eecb99c4615a407372f333391fd,Train loss,0.15094161857115596,257,1687831178909
e4392eecb99c4615a407372f333391fd,Train loss,0.15888268030003497,258,1687831182858
e4392eecb99c4615a407372f333391fd,Train loss,0.14994468030176664,259,1687831186874
e4392eecb99c4615a407372f333391fd,Train loss,0.13843362699998052,260,1687831190854
e4392eecb99c4615a407372f333391fd,Train loss,0.14961442312127665,261,1687831194819
e4392eecb99c4615a407372f333391fd,Train loss,0.1342339641169498,262,1687831198569
e4392eecb99c4615a407372f333391fd,Train loss,0.15252786051285894,263,1687831202400
e4392eecb99c4615a407372f333391fd,Train loss,0.13797449947972046,264,1687831206146
e4392eecb99c4615a407372f333391fd,Train loss,0.15203388662714706,265,1687831209862
e4392eecb99c4615a407372f333391fd,Train loss,0.14048107046830027,266,1687831213544
e4392eecb99c4615a407372f333391fd,Train loss,0.1432099503121878,267,1687831217217
e4392eecb99c4615a407372f333391fd,Train loss,0.1399805212491437,268,1687831220924
e4392eecb99c4615a407372f333391fd,Train loss,0.13451897254899928,269,1687831224630
e4392eecb99c4615a407372f333391fd,Train loss,0.14082845418076767,270,1687831228309
e4392eecb99c4615a407372f333391fd,Train loss,0.14182803328884275,271,1687831231996
e4392eecb99c4615a407372f333391fd,Train loss,0.1418773618183638,272,1687831235655
e4392eecb99c4615a407372f333391fd,Train loss,0.1396841698963391,273,1687831239334
e4392eecb99c4615a407372f333391fd,Train loss,0.14538181298657468,274,1687831243339
e4392eecb99c4615a407372f333391fd,Train loss,0.1336653891362642,275,1687831247346
e4392eecb99c4615a407372f333391fd,Train loss,0.13752000229923347,276,1687831251377
e4392eecb99c4615a407372f333391fd,Train loss,0.1399810806308922,277,1687831255113
e4392eecb99c4615a407372f333391fd,Train loss,0.13461960028660924,278,1687831258792
e4392eecb99c4615a407372f333391fd,Train loss,0.1359723439734233,279,1687831262499
e4392eecb99c4615a407372f333391fd,Train loss,0.14673985776148343,280,1687831266389
e4392eecb99c4615a407372f333391fd,Train loss,0.14416900590846413,281,1687831270258
e4392eecb99c4615a407372f333391fd,Train loss,0.14810311558999514,282,1687831274126
e4392eecb99c4615a407372f333391fd,Train loss,0.15367615811134638,283,1687831277992
e4392eecb99c4615a407372f333391fd,Train loss,0.14658485196138682,284,1687831281876
e4392eecb99c4615a407372f333391fd,Train loss,0.14542201631947568,285,1687831285720
e4392eecb99c4615a407372f333391fd,Train loss,0.1422861434127155,286,1687831289577
e4392eecb99c4615a407372f333391fd,Train loss,0.1407120255263228,287,1687831293483
e4392eecb99c4615a407372f333391fd,Train loss,0.15053989502944445,288,1687831297561
e4392eecb99c4615a407372f333391fd,Train loss,0.14968025056939377,289,1687831301517
e4392eecb99c4615a407372f333391fd,Train loss,0.14976726433164195,290,1687831305597
e4392eecb99c4615a407372f333391fd,Train loss,0.1421014574405394,291,1687831309562
e4392eecb99c4615a407372f333391fd,Train loss,0.14970545215826286,292,1687831313536
e4392eecb99c4615a407372f333391fd,Train loss,0.14478395134210587,293,1687831317499
e4392eecb99c4615a407372f333391fd,Train loss,0.153546756427539,294,1687831321434
e4392eecb99c4615a407372f333391fd,Train loss,0.13979421046219373,295,1687831325383
e4392eecb99c4615a407372f333391fd,Train loss,0.129009515831345,296,1687831329332
e4392eecb99c4615a407372f333391fd,Train loss,0.14917870963874616,297,1687831333299
e4392eecb99c4615a407372f333391fd,Train loss,0.14359900002416812,298,1687831337217
e4392eecb99c4615a407372f333391fd,Train loss,0.13577951686946968,299,1687831341145
e4392eecb99c4615a407372f333391fd,f1-val,0,0,1687830173181
e4392eecb99c4615a407372f333391fd,f1-val,0,1,1687830176984
e4392eecb99c4615a407372f333391fd,f1-val,0,2,1687830180821
e4392eecb99c4615a407372f333391fd,f1-val,0.19230769230769232,3,1687830184635
e4392eecb99c4615a407372f333391fd,f1-val,0.13636363636363635,4,1687830188479
e4392eecb99c4615a407372f333391fd,f1-val,0.691358024691358,5,1687830192421
e4392eecb99c4615a407372f333391fd,f1-val,0.6222222222222223,6,1687830196227
e4392eecb99c4615a407372f333391fd,f1-val,0.4999999999999999,7,1687830200048
e4392eecb99c4615a407372f333391fd,f1-val,0.6019417475728156,8,1687830203894
e4392eecb99c4615a407372f333391fd,f1-val,0.5428571428571428,9,1687830207719
e4392eecb99c4615a407372f333391fd,f1-val,0.38461538461538464,10,1687830211535
e4392eecb99c4615a407372f333391fd,f1-val,0.6938775510204083,11,1687830215486
e4392eecb99c4615a407372f333391fd,f1-val,0.708860759493671,12,1687830219324
e4392eecb99c4615a407372f333391fd,f1-val,0.59375,13,1687830223168
e4392eecb99c4615a407372f333391fd,f1-val,0.7594936708860761,14,1687830227041
e4392eecb99c4615a407372f333391fd,f1-val,0.59375,15,1687830230925
e4392eecb99c4615a407372f333391fd,f1-val,0.7446808510638298,16,1687830234806
e4392eecb99c4615a407372f333391fd,f1-val,0.5806451612903226,17,1687830238685
e4392eecb99c4615a407372f333391fd,f1-val,0.7341772151898733,18,1687830242605
e4392eecb99c4615a407372f333391fd,f1-val,0.6176470588235294,19,1687830246515
e4392eecb99c4615a407372f333391fd,f1-val,0.7532467532467534,20,1687830250417
e4392eecb99c4615a407372f333391fd,f1-val,0.7272727272727273,21,1687830254300
e4392eecb99c4615a407372f333391fd,f1-val,0.7532467532467534,22,1687830258169
e4392eecb99c4615a407372f333391fd,f1-val,0.7199999999999999,23,1687830262134
e4392eecb99c4615a407372f333391fd,f1-val,0.6865671641791046,24,1687830266019
e4392eecb99c4615a407372f333391fd,f1-val,0.676056338028169,25,1687830269854
e4392eecb99c4615a407372f333391fd,f1-val,0.7407407407407408,26,1687830273711
e4392eecb99c4615a407372f333391fd,f1-val,0.7012987012987013,27,1687830277579
e4392eecb99c4615a407372f333391fd,f1-val,0.7397260273972601,28,1687830281211
e4392eecb99c4615a407372f333391fd,f1-val,0.7123287671232877,29,1687830284811
e4392eecb99c4615a407372f333391fd,f1-val,0.7341772151898733,30,1687830288427
e4392eecb99c4615a407372f333391fd,f1-val,0.7594936708860761,31,1687830292036
e4392eecb99c4615a407372f333391fd,f1-val,0.7341772151898733,32,1687830295872
e4392eecb99c4615a407372f333391fd,f1-val,0.608695652173913,33,1687830299792
e4392eecb99c4615a407372f333391fd,f1-val,0.6933333333333334,34,1687830303665
e4392eecb99c4615a407372f333391fd,f1-val,0.7341772151898733,35,1687830307587
e4392eecb99c4615a407372f333391fd,f1-val,0.611111111111111,36,1687830311499
e4392eecb99c4615a407372f333391fd,f1-val,0.5901639344262295,37,1687830315413
e4392eecb99c4615a407372f333391fd,f1-val,0.6363636363636364,38,1687830319306
e4392eecb99c4615a407372f333391fd,f1-val,0.6229508196721312,39,1687830323195
e4392eecb99c4615a407372f333391fd,f1-val,0.676470588235294,40,1687830327085
e4392eecb99c4615a407372f333391fd,f1-val,0.7560975609756098,41,1687830330984
e4392eecb99c4615a407372f333391fd,f1-val,0.8048780487804877,42,1687830334917
e4392eecb99c4615a407372f333391fd,f1-val,0.7407407407407408,43,1687830338811
e4392eecb99c4615a407372f333391fd,f1-val,0.8089887640449438,44,1687830342734
e4392eecb99c4615a407372f333391fd,f1-val,0.7749999999999999,45,1687830346640
e4392eecb99c4615a407372f333391fd,f1-val,0.7500000000000001,46,1687830350543
e4392eecb99c4615a407372f333391fd,f1-val,0.810126582278481,47,1687830354462
e4392eecb99c4615a407372f333391fd,f1-val,0.7594936708860761,48,1687830358334
e4392eecb99c4615a407372f333391fd,f1-val,0.813953488372093,49,1687830362224
e4392eecb99c4615a407372f333391fd,f1-val,0.7948717948717948,50,1687830366101
e4392eecb99c4615a407372f333391fd,f1-val,0.7948717948717948,51,1687830370010
e4392eecb99c4615a407372f333391fd,f1-val,0.7605633802816902,52,1687830373938
e4392eecb99c4615a407372f333391fd,f1-val,0.7500000000000001,53,1687830377947
e4392eecb99c4615a407372f333391fd,f1-val,0.7500000000000001,54,1687830381860
e4392eecb99c4615a407372f333391fd,f1-val,0.8311688311688312,55,1687830385744
e4392eecb99c4615a407372f333391fd,f1-val,0.8395061728395062,56,1687830389604
e4392eecb99c4615a407372f333391fd,f1-val,0.8433734939759037,57,1687830393491
e4392eecb99c4615a407372f333391fd,f1-val,0.7837837837837838,58,1687830397491
e4392eecb99c4615a407372f333391fd,f1-val,0.8461538461538461,59,1687830401451
e4392eecb99c4615a407372f333391fd,f1-val,0.8095238095238095,60,1687830405415
e4392eecb99c4615a407372f333391fd,f1-val,0.8433734939759037,61,1687830409396
e4392eecb99c4615a407372f333391fd,f1-val,0.8395061728395062,62,1687830413370
e4392eecb99c4615a407372f333391fd,f1-val,0.8571428571428571,63,1687830417341
e4392eecb99c4615a407372f333391fd,f1-val,0.8433734939759037,64,1687830421322
e4392eecb99c4615a407372f333391fd,f1-val,0.8108108108108107,65,1687830425292
e4392eecb99c4615a407372f333391fd,f1-val,0.8333333333333333,66,1687830429269
e4392eecb99c4615a407372f333391fd,f1-val,0.8250000000000001,67,1687830433257
e4392eecb99c4615a407372f333391fd,f1-val,0.8433734939759037,68,1687830437260
e4392eecb99c4615a407372f333391fd,f1-val,0.8705882352941177,69,1687830441232
e4392eecb99c4615a407372f333391fd,f1-val,0.8809523809523809,70,1687830445196
e4392eecb99c4615a407372f333391fd,f1-val,0.8470588235294118,71,1687830449170
e4392eecb99c4615a407372f333391fd,f1-val,0.8409090909090908,72,1687830453136
e4392eecb99c4615a407372f333391fd,f1-val,0.810126582278481,73,1687830457224
e4392eecb99c4615a407372f333391fd,f1-val,0.8641975308641975,74,1687830461283
e4392eecb99c4615a407372f333391fd,f1-val,0.8604651162790696,75,1687830465265
e4392eecb99c4615a407372f333391fd,f1-val,0.8705882352941177,76,1687830469258
e4392eecb99c4615a407372f333391fd,f1-val,0.8536585365853658,77,1687830473010
e4392eecb99c4615a407372f333391fd,f1-val,0.8674698795180724,78,1687830476735
e4392eecb99c4615a407372f333391fd,f1-val,0.8395061728395062,79,1687830480461
e4392eecb99c4615a407372f333391fd,f1-val,0.878048780487805,80,1687830484160
e4392eecb99c4615a407372f333391fd,f1-val,0.891566265060241,81,1687830487896
e4392eecb99c4615a407372f333391fd,f1-val,0.8461538461538461,82,1687830491630
e4392eecb99c4615a407372f333391fd,f1-val,0.8809523809523809,83,1687830495349
e4392eecb99c4615a407372f333391fd,f1-val,0.8809523809523809,84,1687830499081
e4392eecb99c4615a407372f333391fd,f1-val,0.8500000000000001,85,1687830502785
e4392eecb99c4615a407372f333391fd,f1-val,0.8354430379746836,86,1687830506500
e4392eecb99c4615a407372f333391fd,f1-val,0.8717948717948718,87,1687830510216
e4392eecb99c4615a407372f333391fd,f1-val,0.8674698795180724,88,1687830513925
e4392eecb99c4615a407372f333391fd,f1-val,0.8571428571428571,89,1687830517636
e4392eecb99c4615a407372f333391fd,f1-val,0.8571428571428571,90,1687830521352
e4392eecb99c4615a407372f333391fd,f1-val,0.888888888888889,91,1687830525096
e4392eecb99c4615a407372f333391fd,f1-val,0.8705882352941177,92,1687830528816
e4392eecb99c4615a407372f333391fd,f1-val,0.8505747126436781,93,1687830532531
e4392eecb99c4615a407372f333391fd,f1-val,0.8604651162790696,94,1687830536265
e4392eecb99c4615a407372f333391fd,f1-val,0.8809523809523809,95,1687830540121
e4392eecb99c4615a407372f333391fd,f1-val,0.891566265060241,96,1687830543807
e4392eecb99c4615a407372f333391fd,f1-val,0.9024390243902439,97,1687830547512
e4392eecb99c4615a407372f333391fd,f1-val,0.891566265060241,98,1687830551244
e4392eecb99c4615a407372f333391fd,f1-val,0.878048780487805,99,1687830554973
e4392eecb99c4615a407372f333391fd,f1-val,0.8604651162790696,100,1687830558936
e4392eecb99c4615a407372f333391fd,f1-val,0.9024390243902439,101,1687830562861
e4392eecb99c4615a407372f333391fd,f1-val,0.878048780487805,102,1687830566806
e4392eecb99c4615a407372f333391fd,f1-val,0.878048780487805,103,1687830570761
e4392eecb99c4615a407372f333391fd,f1-val,0.891566265060241,104,1687830574707
e4392eecb99c4615a407372f333391fd,f1-val,0.891566265060241,105,1687830578629
e4392eecb99c4615a407372f333391fd,f1-val,0.8809523809523809,106,1687830582564
e4392eecb99c4615a407372f333391fd,f1-val,0.8705882352941177,107,1687830586533
e4392eecb99c4615a407372f333391fd,f1-val,0.891566265060241,108,1687830590492
e4392eecb99c4615a407372f333391fd,f1-val,0.888888888888889,109,1687830594447
e4392eecb99c4615a407372f333391fd,f1-val,0.878048780487805,110,1687830598412
e4392eecb99c4615a407372f333391fd,f1-val,0.891566265060241,111,1687830602358
e4392eecb99c4615a407372f333391fd,f1-val,0.8500000000000001,112,1687830606311
e4392eecb99c4615a407372f333391fd,f1-val,0.8674698795180724,113,1687830610275
e4392eecb99c4615a407372f333391fd,f1-val,0.8500000000000001,114,1687830614227
e4392eecb99c4615a407372f333391fd,f1-val,0.8705882352941177,115,1687830618190
e4392eecb99c4615a407372f333391fd,f1-val,0.888888888888889,116,1687830622181
e4392eecb99c4615a407372f333391fd,f1-val,0.9024390243902439,117,1687830626136
e4392eecb99c4615a407372f333391fd,f1-val,0.9024390243902439,118,1687830630082
e4392eecb99c4615a407372f333391fd,f1-val,0.9024390243902439,119,1687830634002
e4392eecb99c4615a407372f333391fd,f1-val,0.9,120,1687830637936
e4392eecb99c4615a407372f333391fd,f1-val,0.9135802469135802,121,1687830641895
e4392eecb99c4615a407372f333391fd,f1-val,0.9024390243902439,122,1687830645856
e4392eecb99c4615a407372f333391fd,f1-val,0.9024390243902439,123,1687830649814
e4392eecb99c4615a407372f333391fd,f1-val,0.891566265060241,124,1687830653765
e4392eecb99c4615a407372f333391fd,f1-val,0.9024390243902439,125,1687830657716
e4392eecb99c4615a407372f333391fd,f1-val,0.9024390243902439,126,1687830661683
e4392eecb99c4615a407372f333391fd,f1-val,0.8809523809523809,127,1687830665651
e4392eecb99c4615a407372f333391fd,f1-val,0.891566265060241,128,1687830669611
e4392eecb99c4615a407372f333391fd,f1-val,0.891566265060241,129,1687830673580
e4392eecb99c4615a407372f333391fd,f1-val,0.878048780487805,130,1687830677532
e4392eecb99c4615a407372f333391fd,f1-val,0.891566265060241,131,1687830681482
e4392eecb99c4615a407372f333391fd,f1-val,0.891566265060241,132,1687830685470
e4392eecb99c4615a407372f333391fd,f1-val,0.8604651162790696,133,1687830689405
e4392eecb99c4615a407372f333391fd,f1-val,0.8674698795180724,134,1687830693356
e4392eecb99c4615a407372f333391fd,f1-val,0.9024390243902439,135,1687830697298
e4392eecb99c4615a407372f333391fd,f1-val,0.9024390243902439,136,1687830701231
e4392eecb99c4615a407372f333391fd,f1-val,0.9024390243902439,137,1687830705288
e4392eecb99c4615a407372f333391fd,f1-val,0.891566265060241,138,1687830709244
e4392eecb99c4615a407372f333391fd,f1-val,0.9024390243902439,139,1687830713189
e4392eecb99c4615a407372f333391fd,f1-val,0.9024390243902439,140,1687830717150
e4392eecb99c4615a407372f333391fd,f1-val,0.9024390243902439,141,1687830721093
e4392eecb99c4615a407372f333391fd,f1-val,0.891566265060241,142,1687830725127
e4392eecb99c4615a407372f333391fd,f1-val,0.891566265060241,143,1687830729464
e4392eecb99c4615a407372f333391fd,f1-val,0.891566265060241,144,1687830733494
e4392eecb99c4615a407372f333391fd,f1-val,0.9135802469135802,145,1687830737457
e4392eecb99c4615a407372f333391fd,f1-val,0.888888888888889,146,1687830741498
e4392eecb99c4615a407372f333391fd,f1-val,0.891566265060241,147,1687830745415
e4392eecb99c4615a407372f333391fd,f1-val,0.9024390243902439,148,1687830749326
e4392eecb99c4615a407372f333391fd,f1-val,0.9024390243902439,149,1687830753282
e4392eecb99c4615a407372f333391fd,f1-val,0.9024390243902439,150,1687830757203
e4392eecb99c4615a407372f333391fd,f1-val,0.9024390243902439,151,1687830761138
e4392eecb99c4615a407372f333391fd,f1-val,0.9024390243902439,152,1687830765056
e4392eecb99c4615a407372f333391fd,f1-val,0.891566265060241,153,1687830769022
e4392eecb99c4615a407372f333391fd,f1-val,0.8809523809523809,154,1687830772956
e4392eecb99c4615a407372f333391fd,f1-val,0.8674698795180724,155,1687830776894
e4392eecb99c4615a407372f333391fd,f1-val,0.9024390243902439,156,1687830780842
e4392eecb99c4615a407372f333391fd,f1-val,0.891566265060241,157,1687830784781
e4392eecb99c4615a407372f333391fd,f1-val,0.9024390243902439,158,1687830788736
e4392eecb99c4615a407372f333391fd,f1-val,0.9024390243902439,159,1687830792689
e4392eecb99c4615a407372f333391fd,f1-val,0.9024390243902439,160,1687830796623
e4392eecb99c4615a407372f333391fd,f1-val,0.9024390243902439,161,1687830800581
e4392eecb99c4615a407372f333391fd,f1-val,0.888888888888889,162,1687830804535
e4392eecb99c4615a407372f333391fd,f1-val,0.9024390243902439,163,1687830808484
e4392eecb99c4615a407372f333391fd,f1-val,0.9024390243902439,164,1687830812420
e4392eecb99c4615a407372f333391fd,f1-val,0.888888888888889,165,1687830816375
e4392eecb99c4615a407372f333391fd,f1-val,0.891566265060241,166,1687830820311
e4392eecb99c4615a407372f333391fd,f1-val,0.9024390243902439,167,1687830824268
e4392eecb99c4615a407372f333391fd,f1-val,0.9024390243902439,168,1687830828204
e4392eecb99c4615a407372f333391fd,f1-val,0.891566265060241,169,1687830832143
e4392eecb99c4615a407372f333391fd,f1-val,0.9024390243902439,170,1687830836097
e4392eecb99c4615a407372f333391fd,f1-val,0.9024390243902439,171,1687830840148
e4392eecb99c4615a407372f333391fd,f1-val,0.878048780487805,172,1687830844082
e4392eecb99c4615a407372f333391fd,f1-val,0.8674698795180724,173,1687830848022
e4392eecb99c4615a407372f333391fd,f1-val,0.878048780487805,174,1687830851971
e4392eecb99c4615a407372f333391fd,f1-val,0.9024390243902439,175,1687830855901
e4392eecb99c4615a407372f333391fd,f1-val,0.878048780487805,176,1687830859847
e4392eecb99c4615a407372f333391fd,f1-val,0.891566265060241,177,1687830863785
e4392eecb99c4615a407372f333391fd,f1-val,0.9024390243902439,178,1687830867688
e4392eecb99c4615a407372f333391fd,f1-val,0.888888888888889,179,1687830871787
e4392eecb99c4615a407372f333391fd,f1-val,0.878048780487805,180,1687830875836
e4392eecb99c4615a407372f333391fd,f1-val,0.891566265060241,181,1687830879802
e4392eecb99c4615a407372f333391fd,f1-val,0.878048780487805,182,1687830883698
e4392eecb99c4615a407372f333391fd,f1-val,0.891566265060241,183,1687830887550
e4392eecb99c4615a407372f333391fd,f1-val,0.9,184,1687830891417
e4392eecb99c4615a407372f333391fd,f1-val,0.878048780487805,185,1687830895279
e4392eecb99c4615a407372f333391fd,f1-val,0.878048780487805,186,1687830899148
e4392eecb99c4615a407372f333391fd,f1-val,0.8674698795180724,187,1687830903013
e4392eecb99c4615a407372f333391fd,f1-val,0.891566265060241,188,1687830906886
e4392eecb99c4615a407372f333391fd,f1-val,0.878048780487805,189,1687830910758
e4392eecb99c4615a407372f333391fd,f1-val,0.8674698795180724,190,1687830914634
e4392eecb99c4615a407372f333391fd,f1-val,0.8674698795180724,191,1687830918505
e4392eecb99c4615a407372f333391fd,f1-val,0.878048780487805,192,1687830922360
e4392eecb99c4615a407372f333391fd,f1-val,0.888888888888889,193,1687830926229
e4392eecb99c4615a407372f333391fd,f1-val,0.8809523809523809,194,1687830930152
e4392eecb99c4615a407372f333391fd,f1-val,0.8674698795180724,195,1687830934035
e4392eecb99c4615a407372f333391fd,f1-val,0.888888888888889,196,1687830937942
e4392eecb99c4615a407372f333391fd,f1-val,0.891566265060241,197,1687830941829
e4392eecb99c4615a407372f333391fd,f1-val,0.888888888888889,198,1687830945725
e4392eecb99c4615a407372f333391fd,f1-val,0.878048780487805,199,1687830949653
e4392eecb99c4615a407372f333391fd,f1-val,0.8674698795180724,200,1687830953557
e4392eecb99c4615a407372f333391fd,f1-val,0.878048780487805,201,1687830957449
e4392eecb99c4615a407372f333391fd,f1-val,0.878048780487805,202,1687830961361
e4392eecb99c4615a407372f333391fd,f1-val,0.9,203,1687830965238
e4392eecb99c4615a407372f333391fd,f1-val,0.878048780487805,204,1687830969095
e4392eecb99c4615a407372f333391fd,f1-val,0.891566265060241,205,1687830972940
e4392eecb99c4615a407372f333391fd,f1-val,0.891566265060241,206,1687830976791
e4392eecb99c4615a407372f333391fd,f1-val,0.9024390243902439,207,1687830980666
e4392eecb99c4615a407372f333391fd,f1-val,0.888888888888889,208,1687830984668
e4392eecb99c4615a407372f333391fd,f1-val,0.888888888888889,209,1687830988647
e4392eecb99c4615a407372f333391fd,f1-val,0.878048780487805,210,1687830992637
e4392eecb99c4615a407372f333391fd,f1-val,0.878048780487805,211,1687830996629
e4392eecb99c4615a407372f333391fd,f1-val,0.8809523809523809,212,1687831000602
e4392eecb99c4615a407372f333391fd,f1-val,0.891566265060241,213,1687831004456
e4392eecb99c4615a407372f333391fd,f1-val,0.8809523809523809,214,1687831008276
e4392eecb99c4615a407372f333391fd,f1-val,0.8809523809523809,215,1687831012102
e4392eecb99c4615a407372f333391fd,f1-val,0.8674698795180724,216,1687831015929
e4392eecb99c4615a407372f333391fd,f1-val,0.8674698795180724,217,1687831019744
e4392eecb99c4615a407372f333391fd,f1-val,0.8674698795180724,218,1687831023714
e4392eecb99c4615a407372f333391fd,f1-val,0.888888888888889,219,1687831027655
e4392eecb99c4615a407372f333391fd,f1-val,0.891566265060241,220,1687831031589
e4392eecb99c4615a407372f333391fd,f1-val,0.888888888888889,221,1687831035649
e4392eecb99c4615a407372f333391fd,f1-val,0.888888888888889,222,1687831039589
e4392eecb99c4615a407372f333391fd,f1-val,0.888888888888889,223,1687831043500
e4392eecb99c4615a407372f333391fd,f1-val,0.878048780487805,224,1687831047421
e4392eecb99c4615a407372f333391fd,f1-val,0.878048780487805,225,1687831051384
e4392eecb99c4615a407372f333391fd,f1-val,0.878048780487805,226,1687831055338
e4392eecb99c4615a407372f333391fd,f1-val,0.878048780487805,227,1687831059266
e4392eecb99c4615a407372f333391fd,f1-val,0.878048780487805,228,1687831063217
e4392eecb99c4615a407372f333391fd,f1-val,0.878048780487805,229,1687831067141
e4392eecb99c4615a407372f333391fd,f1-val,0.888888888888889,230,1687831071066
e4392eecb99c4615a407372f333391fd,f1-val,0.9,231,1687831075252
e4392eecb99c4615a407372f333391fd,f1-val,0.9,232,1687831079210
e4392eecb99c4615a407372f333391fd,f1-val,0.878048780487805,233,1687831083170
e4392eecb99c4615a407372f333391fd,f1-val,0.888888888888889,234,1687831087120
e4392eecb99c4615a407372f333391fd,f1-val,0.891566265060241,235,1687831091056
e4392eecb99c4615a407372f333391fd,f1-val,0.878048780487805,236,1687831095019
e4392eecb99c4615a407372f333391fd,f1-val,0.8674698795180724,237,1687831099047
e4392eecb99c4615a407372f333391fd,f1-val,0.8674698795180724,238,1687831103079
e4392eecb99c4615a407372f333391fd,f1-val,0.888888888888889,239,1687831107101
e4392eecb99c4615a407372f333391fd,f1-val,0.878048780487805,240,1687831111119
e4392eecb99c4615a407372f333391fd,f1-val,0.878048780487805,241,1687831115134
e4392eecb99c4615a407372f333391fd,f1-val,0.8674698795180724,242,1687831119163
e4392eecb99c4615a407372f333391fd,f1-val,0.8674698795180724,243,1687831123193
e4392eecb99c4615a407372f333391fd,f1-val,0.8674698795180724,244,1687831127226
e4392eecb99c4615a407372f333391fd,f1-val,0.8674698795180724,245,1687831131273
e4392eecb99c4615a407372f333391fd,f1-val,0.8674698795180724,246,1687831135312
e4392eecb99c4615a407372f333391fd,f1-val,0.878048780487805,247,1687831139372
e4392eecb99c4615a407372f333391fd,f1-val,0.878048780487805,248,1687831143400
e4392eecb99c4615a407372f333391fd,f1-val,0.8674698795180724,249,1687831147401
e4392eecb99c4615a407372f333391fd,f1-val,0.878048780487805,250,1687831151403
e4392eecb99c4615a407372f333391fd,f1-val,0.8674698795180724,251,1687831155441
e4392eecb99c4615a407372f333391fd,f1-val,0.8674698795180724,252,1687831159428
e4392eecb99c4615a407372f333391fd,f1-val,0.8674698795180724,253,1687831163364
e4392eecb99c4615a407372f333391fd,f1-val,0.8674698795180724,254,1687831167311
e4392eecb99c4615a407372f333391fd,f1-val,0.8674698795180724,255,1687831171226
e4392eecb99c4615a407372f333391fd,f1-val,0.8674698795180724,256,1687831175155
e4392eecb99c4615a407372f333391fd,f1-val,0.878048780487805,257,1687831179100
e4392eecb99c4615a407372f333391fd,f1-val,0.8674698795180724,258,1687831183064
e4392eecb99c4615a407372f333391fd,f1-val,0.8674698795180724,259,1687831187069
e4392eecb99c4615a407372f333391fd,f1-val,0.888888888888889,260,1687831191045
e4392eecb99c4615a407372f333391fd,f1-val,0.878048780487805,261,1687831195019
e4392eecb99c4615a407372f333391fd,f1-val,0.878048780487805,262,1687831198754
e4392eecb99c4615a407372f333391fd,f1-val,0.8674698795180724,263,1687831202602
e4392eecb99c4615a407372f333391fd,f1-val,0.8674698795180724,264,1687831206340
e4392eecb99c4615a407372f333391fd,f1-val,0.8674698795180724,265,1687831210045
e4392eecb99c4615a407372f333391fd,f1-val,0.8674698795180724,266,1687831213731
e4392eecb99c4615a407372f333391fd,f1-val,0.8674698795180724,267,1687831217404
e4392eecb99c4615a407372f333391fd,f1-val,0.8674698795180724,268,1687831221113
e4392eecb99c4615a407372f333391fd,f1-val,0.8674698795180724,269,1687831224814
e4392eecb99c4615a407372f333391fd,f1-val,0.8674698795180724,270,1687831228505
e4392eecb99c4615a407372f333391fd,f1-val,0.878048780487805,271,1687831232189
e4392eecb99c4615a407372f333391fd,f1-val,0.8674698795180724,272,1687831235842
e4392eecb99c4615a407372f333391fd,f1-val,0.8674698795180724,273,1687831239538
e4392eecb99c4615a407372f333391fd,f1-val,0.8674698795180724,274,1687831243529
e4392eecb99c4615a407372f333391fd,f1-val,0.8674698795180724,275,1687831247545
e4392eecb99c4615a407372f333391fd,f1-val,0.8674698795180724,276,1687831251570
e4392eecb99c4615a407372f333391fd,f1-val,0.8674698795180724,277,1687831255298
e4392eecb99c4615a407372f333391fd,f1-val,0.8674698795180724,278,1687831258980
e4392eecb99c4615a407372f333391fd,f1-val,0.878048780487805,279,1687831262701
e4392eecb99c4615a407372f333391fd,f1-val,0.8674698795180724,280,1687831266576
e4392eecb99c4615a407372f333391fd,f1-val,0.8674698795180724,281,1687831270444
e4392eecb99c4615a407372f333391fd,f1-val,0.878048780487805,282,1687831274310
e4392eecb99c4615a407372f333391fd,f1-val,0.878048780487805,283,1687831278179
e4392eecb99c4615a407372f333391fd,f1-val,0.8674698795180724,284,1687831282063
e4392eecb99c4615a407372f333391fd,f1-val,0.878048780487805,285,1687831285914
e4392eecb99c4615a407372f333391fd,f1-val,0.8674698795180724,286,1687831289765
e4392eecb99c4615a407372f333391fd,f1-val,0.8674698795180724,287,1687831293675
e4392eecb99c4615a407372f333391fd,f1-val,0.8674698795180724,288,1687831297760
e4392eecb99c4615a407372f333391fd,f1-val,0.878048780487805,289,1687831301710
e4392eecb99c4615a407372f333391fd,f1-val,0.878048780487805,290,1687831305799
e4392eecb99c4615a407372f333391fd,f1-val,0.878048780487805,291,1687831309759
e4392eecb99c4615a407372f333391fd,f1-val,0.878048780487805,292,1687831313725
e4392eecb99c4615a407372f333391fd,f1-val,0.878048780487805,293,1687831317689
e4392eecb99c4615a407372f333391fd,f1-val,0.878048780487805,294,1687831321625
e4392eecb99c4615a407372f333391fd,f1-val,0.878048780487805,295,1687831325579
e4392eecb99c4615a407372f333391fd,f1-val,0.878048780487805,296,1687831329517
e4392eecb99c4615a407372f333391fd,f1-val,0.8674698795180724,297,1687831333500
e4392eecb99c4615a407372f333391fd,f1-val,0.8674698795180724,298,1687831337403
e4392eecb99c4615a407372f333391fd,f1-val,0.878048780487805,299,1687831341332
e4392eecb99c4615a407372f333391fd,AP-val,0.4302349232304622,0,1687830173185
e4392eecb99c4615a407372f333391fd,AP-val,0.36858997499061275,1,1687830176988
e4392eecb99c4615a407372f333391fd,AP-val,0.5502676502241103,2,1687830180825
e4392eecb99c4615a407372f333391fd,AP-val,0.474076747976985,3,1687830184639
e4392eecb99c4615a407372f333391fd,AP-val,0.4785996088191793,4,1687830188483
e4392eecb99c4615a407372f333391fd,AP-val,0.6515926928388945,5,1687830192424
e4392eecb99c4615a407372f333391fd,AP-val,0.7344618528928962,6,1687830196230
e4392eecb99c4615a407372f333391fd,AP-val,0.607610286322941,7,1687830200053
e4392eecb99c4615a407372f333391fd,AP-val,0.6031655736654402,8,1687830203898
e4392eecb99c4615a407372f333391fd,AP-val,0.6672836185020059,9,1687830207723
e4392eecb99c4615a407372f333391fd,AP-val,0.7387714858038161,10,1687830211539
e4392eecb99c4615a407372f333391fd,AP-val,0.6944549884433415,11,1687830215490
e4392eecb99c4615a407372f333391fd,AP-val,0.7640101492186877,12,1687830219328
e4392eecb99c4615a407372f333391fd,AP-val,0.781216551679093,13,1687830223171
e4392eecb99c4615a407372f333391fd,AP-val,0.8034701284265093,14,1687830227045
e4392eecb99c4615a407372f333391fd,AP-val,0.7896526859770177,15,1687830230929
e4392eecb99c4615a407372f333391fd,AP-val,0.7727433348404553,16,1687830234810
e4392eecb99c4615a407372f333391fd,AP-val,0.7813843780281986,17,1687830238689
e4392eecb99c4615a407372f333391fd,AP-val,0.8281077998487139,18,1687830242609
e4392eecb99c4615a407372f333391fd,AP-val,0.8194030056673445,19,1687830246519
e4392eecb99c4615a407372f333391fd,AP-val,0.8518415530401502,20,1687830250421
e4392eecb99c4615a407372f333391fd,AP-val,0.8278363762704888,21,1687830254304
e4392eecb99c4615a407372f333391fd,AP-val,0.8209419249164255,22,1687830258173
e4392eecb99c4615a407372f333391fd,AP-val,0.8389645686148818,23,1687830262138
e4392eecb99c4615a407372f333391fd,AP-val,0.855675513152755,24,1687830266023
e4392eecb99c4615a407372f333391fd,AP-val,0.8302635827871203,25,1687830269857
e4392eecb99c4615a407372f333391fd,AP-val,0.8348172443205196,26,1687830273715
e4392eecb99c4615a407372f333391fd,AP-val,0.83991891554263,27,1687830277582
e4392eecb99c4615a407372f333391fd,AP-val,0.8705390566973414,28,1687830281215
e4392eecb99c4615a407372f333391fd,AP-val,0.8307624919083935,29,1687830284815
e4392eecb99c4615a407372f333391fd,AP-val,0.8416492725592695,30,1687830288431
e4392eecb99c4615a407372f333391fd,AP-val,0.8788817089378715,31,1687830292040
e4392eecb99c4615a407372f333391fd,AP-val,0.8748441366298509,32,1687830295875
e4392eecb99c4615a407372f333391fd,AP-val,0.8149705062300401,33,1687830299796
e4392eecb99c4615a407372f333391fd,AP-val,0.8331091731921342,34,1687830303669
e4392eecb99c4615a407372f333391fd,AP-val,0.8716258474365293,35,1687830307591
e4392eecb99c4615a407372f333391fd,AP-val,0.8407384755156282,36,1687830311502
e4392eecb99c4615a407372f333391fd,AP-val,0.8564671955156006,37,1687830315417
e4392eecb99c4615a407372f333391fd,AP-val,0.8505752743944592,38,1687830319310
e4392eecb99c4615a407372f333391fd,AP-val,0.8380801133751732,39,1687830323200
e4392eecb99c4615a407372f333391fd,AP-val,0.855883602308801,40,1687830327089
e4392eecb99c4615a407372f333391fd,AP-val,0.8653209096271519,41,1687830330988
e4392eecb99c4615a407372f333391fd,AP-val,0.8991590923110128,42,1687830334922
e4392eecb99c4615a407372f333391fd,AP-val,0.8609105037379452,43,1687830338814
e4392eecb99c4615a407372f333391fd,AP-val,0.8775102786747456,44,1687830342737
e4392eecb99c4615a407372f333391fd,AP-val,0.9138056610375167,45,1687830346643
e4392eecb99c4615a407372f333391fd,AP-val,0.9084376508450746,46,1687830350547
e4392eecb99c4615a407372f333391fd,AP-val,0.9026570133991675,47,1687830354465
e4392eecb99c4615a407372f333391fd,AP-val,0.8743707660075791,48,1687830358338
e4392eecb99c4615a407372f333391fd,AP-val,0.8895300398826795,49,1687830362229
e4392eecb99c4615a407372f333391fd,AP-val,0.9086540016589926,50,1687830366105
e4392eecb99c4615a407372f333391fd,AP-val,0.9131727198066435,51,1687830370013
e4392eecb99c4615a407372f333391fd,AP-val,0.907450093392927,52,1687830373942
e4392eecb99c4615a407372f333391fd,AP-val,0.9042841261910353,53,1687830377951
e4392eecb99c4615a407372f333391fd,AP-val,0.912968911593842,54,1687830381864
e4392eecb99c4615a407372f333391fd,AP-val,0.9084666765783563,55,1687830385748
e4392eecb99c4615a407372f333391fd,AP-val,0.8969078324252867,56,1687830389608
e4392eecb99c4615a407372f333391fd,AP-val,0.9023441981933992,57,1687830393496
e4392eecb99c4615a407372f333391fd,AP-val,0.9016739395519942,58,1687830397495
e4392eecb99c4615a407372f333391fd,AP-val,0.9150772606620197,59,1687830401454
e4392eecb99c4615a407372f333391fd,AP-val,0.9237974708227418,60,1687830405419
e4392eecb99c4615a407372f333391fd,AP-val,0.9211378194162583,61,1687830409400
e4392eecb99c4615a407372f333391fd,AP-val,0.9399760223324746,62,1687830413373
e4392eecb99c4615a407372f333391fd,AP-val,0.9425988398686962,63,1687830417345
e4392eecb99c4615a407372f333391fd,AP-val,0.9239061997788485,64,1687830421326
e4392eecb99c4615a407372f333391fd,AP-val,0.9276208010021312,65,1687830425296
e4392eecb99c4615a407372f333391fd,AP-val,0.9396671933032247,66,1687830429272
e4392eecb99c4615a407372f333391fd,AP-val,0.9287150744727227,67,1687830433261
e4392eecb99c4615a407372f333391fd,AP-val,0.9390555430410781,68,1687830437264
e4392eecb99c4615a407372f333391fd,AP-val,0.9494500595273968,69,1687830441236
e4392eecb99c4615a407372f333391fd,AP-val,0.9537086400214821,70,1687830445199
e4392eecb99c4615a407372f333391fd,AP-val,0.9465473678728242,71,1687830449174
e4392eecb99c4615a407372f333391fd,AP-val,0.9419429513359389,72,1687830453140
e4392eecb99c4615a407372f333391fd,AP-val,0.9222674240624615,73,1687830457227
e4392eecb99c4615a407372f333391fd,AP-val,0.9536959884116888,74,1687830461287
e4392eecb99c4615a407372f333391fd,AP-val,0.9540555186968455,75,1687830465269
e4392eecb99c4615a407372f333391fd,AP-val,0.9438863370514794,76,1687830469261
e4392eecb99c4615a407372f333391fd,AP-val,0.9488123922202525,77,1687830473014
e4392eecb99c4615a407372f333391fd,AP-val,0.9439313129357404,78,1687830476740
e4392eecb99c4615a407372f333391fd,AP-val,0.9366206009100332,79,1687830480465
e4392eecb99c4615a407372f333391fd,AP-val,0.9504652604991344,80,1687830484164
e4392eecb99c4615a407372f333391fd,AP-val,0.9627813237832012,81,1687830487900
e4392eecb99c4615a407372f333391fd,AP-val,0.9545606042449345,82,1687830491633
e4392eecb99c4615a407372f333391fd,AP-val,0.9508452135901914,83,1687830495352
e4392eecb99c4615a407372f333391fd,AP-val,0.9573294461161389,84,1687830499085
e4392eecb99c4615a407372f333391fd,AP-val,0.9484284774076039,85,1687830502788
e4392eecb99c4615a407372f333391fd,AP-val,0.9454704668094404,86,1687830506505
e4392eecb99c4615a407372f333391fd,AP-val,0.9618641396540561,87,1687830510220
e4392eecb99c4615a407372f333391fd,AP-val,0.950909175119057,88,1687830513928
e4392eecb99c4615a407372f333391fd,AP-val,0.9532681240854628,89,1687830517640
e4392eecb99c4615a407372f333391fd,AP-val,0.9584264457216733,90,1687830521355
e4392eecb99c4615a407372f333391fd,AP-val,0.9638687623542304,91,1687830525100
e4392eecb99c4615a407372f333391fd,AP-val,0.9545705674379645,92,1687830528819
e4392eecb99c4615a407372f333391fd,AP-val,0.9616760808021432,93,1687830532535
e4392eecb99c4615a407372f333391fd,AP-val,0.9554236195006749,94,1687830536268
e4392eecb99c4615a407372f333391fd,AP-val,0.955846297259027,95,1687830540124
e4392eecb99c4615a407372f333391fd,AP-val,0.9598074602439741,96,1687830543811
e4392eecb99c4615a407372f333391fd,AP-val,0.9555501029133555,97,1687830547517
e4392eecb99c4615a407372f333391fd,AP-val,0.9606326381560819,98,1687830551248
e4392eecb99c4615a407372f333391fd,AP-val,0.9587207503477067,99,1687830554978
e4392eecb99c4615a407372f333391fd,AP-val,0.9614631462864023,100,1687830558940
e4392eecb99c4615a407372f333391fd,AP-val,0.9607066665919943,101,1687830562864
e4392eecb99c4615a407372f333391fd,AP-val,0.9596289950555128,102,1687830566810
e4392eecb99c4615a407372f333391fd,AP-val,0.950400131237745,103,1687830570765
e4392eecb99c4615a407372f333391fd,AP-val,0.9674644446808568,104,1687830574711
e4392eecb99c4615a407372f333391fd,AP-val,0.9610885889537911,105,1687830578632
e4392eecb99c4615a407372f333391fd,AP-val,0.959004499701746,106,1687830582568
e4392eecb99c4615a407372f333391fd,AP-val,0.9592622415940948,107,1687830586537
e4392eecb99c4615a407372f333391fd,AP-val,0.9590698414016947,108,1687830590496
e4392eecb99c4615a407372f333391fd,AP-val,0.9619834447325882,109,1687830594451
e4392eecb99c4615a407372f333391fd,AP-val,0.9526551262853052,110,1687830598415
e4392eecb99c4615a407372f333391fd,AP-val,0.9612818666179045,111,1687830602362
e4392eecb99c4615a407372f333391fd,AP-val,0.9521806348888964,112,1687830606315
e4392eecb99c4615a407372f333391fd,AP-val,0.9588076733270243,113,1687830610279
e4392eecb99c4615a407372f333391fd,AP-val,0.9553292689812442,114,1687830614231
e4392eecb99c4615a407372f333391fd,AP-val,0.962372522086173,115,1687830618194
e4392eecb99c4615a407372f333391fd,AP-val,0.9666310788050687,116,1687830622184
e4392eecb99c4615a407372f333391fd,AP-val,0.9627553060152867,117,1687830626140
e4392eecb99c4615a407372f333391fd,AP-val,0.960786282789026,118,1687830630085
e4392eecb99c4615a407372f333391fd,AP-val,0.9607667850772206,119,1687830634006
e4392eecb99c4615a407372f333391fd,AP-val,0.9639800637188845,120,1687830637939
e4392eecb99c4615a407372f333391fd,AP-val,0.9643684723841717,121,1687830641899
e4392eecb99c4615a407372f333391fd,AP-val,0.9605968527851894,122,1687830645860
e4392eecb99c4615a407372f333391fd,AP-val,0.9589039921655755,123,1687830649817
e4392eecb99c4615a407372f333391fd,AP-val,0.9615964842735124,124,1687830653769
e4392eecb99c4615a407372f333391fd,AP-val,0.9606962129301668,125,1687830657720
e4392eecb99c4615a407372f333391fd,AP-val,0.9561044431217756,126,1687830661687
e4392eecb99c4615a407372f333391fd,AP-val,0.9589817547451391,127,1687830665654
e4392eecb99c4615a407372f333391fd,AP-val,0.9568937060359012,128,1687830669615
e4392eecb99c4615a407372f333391fd,AP-val,0.957049894153452,129,1687830673583
e4392eecb99c4615a407372f333391fd,AP-val,0.9609271470050638,130,1687830677536
e4392eecb99c4615a407372f333391fd,AP-val,0.9566908539450908,131,1687830681487
e4392eecb99c4615a407372f333391fd,AP-val,0.9537583879399231,132,1687830685473
e4392eecb99c4615a407372f333391fd,AP-val,0.9565981685190865,133,1687830689409
e4392eecb99c4615a407372f333391fd,AP-val,0.9605576126997175,134,1687830693359
e4392eecb99c4615a407372f333391fd,AP-val,0.9649393768553689,135,1687830697302
e4392eecb99c4615a407372f333391fd,AP-val,0.9631926826444464,136,1687830701234
e4392eecb99c4615a407372f333391fd,AP-val,0.965710041249985,137,1687830705292
e4392eecb99c4615a407372f333391fd,AP-val,0.9603434069367208,138,1687830709248
e4392eecb99c4615a407372f333391fd,AP-val,0.9610711697947096,139,1687830713192
e4392eecb99c4615a407372f333391fd,AP-val,0.9598848034656615,140,1687830717154
e4392eecb99c4615a407372f333391fd,AP-val,0.9650361962875695,141,1687830721098
e4392eecb99c4615a407372f333391fd,AP-val,0.9634460743396461,142,1687830725131
e4392eecb99c4615a407372f333391fd,AP-val,0.9633856133410682,143,1687830729468
e4392eecb99c4615a407372f333391fd,AP-val,0.9612748302844779,144,1687830733498
e4392eecb99c4615a407372f333391fd,AP-val,0.9662773635430948,145,1687830737461
e4392eecb99c4615a407372f333391fd,AP-val,0.9487175658124087,146,1687830741502
e4392eecb99c4615a407372f333391fd,AP-val,0.9614493675493966,147,1687830745419
e4392eecb99c4615a407372f333391fd,AP-val,0.9606507504126207,148,1687830749331
e4392eecb99c4615a407372f333391fd,AP-val,0.9610974090107111,149,1687830753286
e4392eecb99c4615a407372f333391fd,AP-val,0.961037506371652,150,1687830757206
e4392eecb99c4615a407372f333391fd,AP-val,0.9619022421756591,151,1687830761143
e4392eecb99c4615a407372f333391fd,AP-val,0.9612077929463908,152,1687830765060
e4392eecb99c4615a407372f333391fd,AP-val,0.9594008565067959,153,1687830769026
e4392eecb99c4615a407372f333391fd,AP-val,0.9539039540435745,154,1687830772960
e4392eecb99c4615a407372f333391fd,AP-val,0.9560906338441285,155,1687830776898
e4392eecb99c4615a407372f333391fd,AP-val,0.9614314376160139,156,1687830780846
e4392eecb99c4615a407372f333391fd,AP-val,0.9581406880500876,157,1687830784784
e4392eecb99c4615a407372f333391fd,AP-val,0.9609811148077658,158,1687830788739
e4392eecb99c4615a407372f333391fd,AP-val,0.9619178677314674,159,1687830792693
e4392eecb99c4615a407372f333391fd,AP-val,0.96122111358435,160,1687830796626
e4392eecb99c4615a407372f333391fd,AP-val,0.9612128867378972,161,1687830800584
e4392eecb99c4615a407372f333391fd,AP-val,0.9572368201495071,162,1687830804538
e4392eecb99c4615a407372f333391fd,AP-val,0.9607411044772756,163,1687830808489
e4392eecb99c4615a407372f333391fd,AP-val,0.9585348627010724,164,1687830812424
e4392eecb99c4615a407372f333391fd,AP-val,0.959574554422363,165,1687830816379
e4392eecb99c4615a407372f333391fd,AP-val,0.9596085464262116,166,1687830820315
e4392eecb99c4615a407372f333391fd,AP-val,0.9591039793850874,167,1687830824271
e4392eecb99c4615a407372f333391fd,AP-val,0.9609168453346154,168,1687830828207
e4392eecb99c4615a407372f333391fd,AP-val,0.9613012222372109,169,1687830832147
e4392eecb99c4615a407372f333391fd,AP-val,0.9645780625971672,170,1687830836101
e4392eecb99c4615a407372f333391fd,AP-val,0.9611513420281648,171,1687830840152
e4392eecb99c4615a407372f333391fd,AP-val,0.9634142839260912,172,1687830844086
e4392eecb99c4615a407372f333391fd,AP-val,0.9583647982101328,173,1687830848026
e4392eecb99c4615a407372f333391fd,AP-val,0.9580663162043337,174,1687830851976
e4392eecb99c4615a407372f333391fd,AP-val,0.9616580046731983,175,1687830855905
e4392eecb99c4615a407372f333391fd,AP-val,0.9594737259747956,176,1687830859851
e4392eecb99c4615a407372f333391fd,AP-val,0.959844636601396,177,1687830863789
e4392eecb99c4615a407372f333391fd,AP-val,0.9610513025388431,178,1687830867691
e4392eecb99c4615a407372f333391fd,AP-val,0.9617683305949816,179,1687830871791
e4392eecb99c4615a407372f333391fd,AP-val,0.9602162686825078,180,1687830875840
e4392eecb99c4615a407372f333391fd,AP-val,0.962622971617686,181,1687830879806
e4392eecb99c4615a407372f333391fd,AP-val,0.962622971617686,182,1687830883702
e4392eecb99c4615a407372f333391fd,AP-val,0.962020901935556,183,1687830887553
e4392eecb99c4615a407372f333391fd,AP-val,0.9656568203255451,184,1687830891421
e4392eecb99c4615a407372f333391fd,AP-val,0.9652202198889447,185,1687830895283
e4392eecb99c4615a407372f333391fd,AP-val,0.9636432203231919,186,1687830899152
e4392eecb99c4615a407372f333391fd,AP-val,0.9620501082611216,187,1687830903017
e4392eecb99c4615a407372f333391fd,AP-val,0.9613227212094915,188,1687830906890
e4392eecb99c4615a407372f333391fd,AP-val,0.9601597956709877,189,1687830910762
e4392eecb99c4615a407372f333391fd,AP-val,0.9614582793530771,190,1687830914637
e4392eecb99c4615a407372f333391fd,AP-val,0.9616852720071518,191,1687830918509
e4392eecb99c4615a407372f333391fd,AP-val,0.9619246846268006,192,1687830922364
e4392eecb99c4615a407372f333391fd,AP-val,0.9652453980833118,193,1687830926233
e4392eecb99c4615a407372f333391fd,AP-val,0.9604095584697043,194,1687830930156
e4392eecb99c4615a407372f333391fd,AP-val,0.9671671846038792,195,1687830934038
e4392eecb99c4615a407372f333391fd,AP-val,0.9641064121104869,196,1687830937946
e4392eecb99c4615a407372f333391fd,AP-val,0.9632450950107605,197,1687830941832
e4392eecb99c4615a407372f333391fd,AP-val,0.9635206250495798,198,1687830945729
e4392eecb99c4615a407372f333391fd,AP-val,0.961326156456251,199,1687830949656
e4392eecb99c4615a407372f333391fd,AP-val,0.9585109874154796,200,1687830953560
e4392eecb99c4615a407372f333391fd,AP-val,0.95847539311702,201,1687830957452
e4392eecb99c4615a407372f333391fd,AP-val,0.9596417803373173,202,1687830961365
e4392eecb99c4615a407372f333391fd,AP-val,0.9614840407716877,203,1687830965241
e4392eecb99c4615a407372f333391fd,AP-val,0.9610270920608245,204,1687830969099
e4392eecb99c4615a407372f333391fd,AP-val,0.963074715282418,205,1687830972944
e4392eecb99c4615a407372f333391fd,AP-val,0.9656474612599296,206,1687830976795
e4392eecb99c4615a407372f333391fd,AP-val,0.9629338525351009,207,1687830980670
e4392eecb99c4615a407372f333391fd,AP-val,0.9598029229611738,208,1687830984672
e4392eecb99c4615a407372f333391fd,AP-val,0.9633231067754463,209,1687830988651
e4392eecb99c4615a407372f333391fd,AP-val,0.9609290178428959,210,1687830992640
e4392eecb99c4615a407372f333391fd,AP-val,0.9598706840420776,211,1687830996633
e4392eecb99c4615a407372f333391fd,AP-val,0.9579074156095315,212,1687831000606
e4392eecb99c4615a407372f333391fd,AP-val,0.955769340414048,213,1687831004459
e4392eecb99c4615a407372f333391fd,AP-val,0.9565650334415224,214,1687831008280
e4392eecb99c4615a407372f333391fd,AP-val,0.9561733528414299,215,1687831012106
e4392eecb99c4615a407372f333391fd,AP-val,0.9559951833612684,216,1687831015933
e4392eecb99c4615a407372f333391fd,AP-val,0.9576648698989492,217,1687831019748
e4392eecb99c4615a407372f333391fd,AP-val,0.9597944823128316,218,1687831023717
e4392eecb99c4615a407372f333391fd,AP-val,0.9604964261608824,219,1687831027659
e4392eecb99c4615a407372f333391fd,AP-val,0.959140369777652,220,1687831031593
e4392eecb99c4615a407372f333391fd,AP-val,0.9599912789553288,221,1687831035653
e4392eecb99c4615a407372f333391fd,AP-val,0.9589965738226154,222,1687831039593
e4392eecb99c4615a407372f333391fd,AP-val,0.9593516201067147,223,1687831043503
e4392eecb99c4615a407372f333391fd,AP-val,0.9613909558898719,224,1687831047426
e4392eecb99c4615a407372f333391fd,AP-val,0.9595978895490849,225,1687831051388
e4392eecb99c4615a407372f333391fd,AP-val,0.9598110182788377,226,1687831055342
e4392eecb99c4615a407372f333391fd,AP-val,0.9602566510774118,227,1687831059269
e4392eecb99c4615a407372f333391fd,AP-val,0.9607358015565621,228,1687831063220
e4392eecb99c4615a407372f333391fd,AP-val,0.9622365190859022,229,1687831067144
e4392eecb99c4615a407372f333391fd,AP-val,0.9602566510774116,230,1687831071069
e4392eecb99c4615a407372f333391fd,AP-val,0.9614764754533021,231,1687831075256
e4392eecb99c4615a407372f333391fd,AP-val,0.9617168600686867,232,1687831079214
e4392eecb99c4615a407372f333391fd,AP-val,0.9598350802384561,233,1687831083174
e4392eecb99c4615a407372f333391fd,AP-val,0.9584028597964048,234,1687831087124
e4392eecb99c4615a407372f333391fd,AP-val,0.9592040413535574,235,1687831091059
e4392eecb99c4615a407372f333391fd,AP-val,0.960061817967844,236,1687831095023
e4392eecb99c4615a407372f333391fd,AP-val,0.9604705141630707,237,1687831099051
e4392eecb99c4615a407372f333391fd,AP-val,0.9602012679925745,238,1687831103083
e4392eecb99c4615a407372f333391fd,AP-val,0.9610258006270491,239,1687831107105
e4392eecb99c4615a407372f333391fd,AP-val,0.9612661852424337,240,1687831111123
e4392eecb99c4615a407372f333391fd,AP-val,0.9610258006270491,241,1687831115138
e4392eecb99c4615a407372f333391fd,AP-val,0.9575414233312532,242,1687831119167
e4392eecb99c4615a407372f333391fd,AP-val,0.9589704037952044,243,1687831123197
e4392eecb99c4615a407372f333391fd,AP-val,0.9592604491653413,244,1687831127230
e4392eecb99c4615a407372f333391fd,AP-val,0.960102650172016,245,1687831131277
e4392eecb99c4615a407372f333391fd,AP-val,0.9589704037952045,246,1687831135316
e4392eecb99c4615a407372f333391fd,AP-val,0.9589704037952045,247,1687831139376
e4392eecb99c4615a407372f333391fd,AP-val,0.9585817161336672,248,1687831143404
e4392eecb99c4615a407372f333391fd,AP-val,0.9568101284823113,249,1687831147404
e4392eecb99c4615a407372f333391fd,AP-val,0.9568870451226954,250,1687831151407
e4392eecb99c4615a407372f333391fd,AP-val,0.9579440826050724,251,1687831155445
e4392eecb99c4615a407372f333391fd,AP-val,0.9587789992294625,252,1687831159432
e4392eecb99c4615a407372f333391fd,AP-val,0.9575414233312532,253,1687831163368
e4392eecb99c4615a407372f333391fd,AP-val,0.95804566681713,254,1687831167315
e4392eecb99c4615a407372f333391fd,AP-val,0.9595586594441887,255,1687831171230
e4392eecb99c4615a407372f333391fd,AP-val,0.95847539311702,256,1687831175159
e4392eecb99c4615a407372f333391fd,AP-val,0.9582273151411932,257,1687831179103
e4392eecb99c4615a407372f333391fd,AP-val,0.9567264782102104,258,1687831183068
e4392eecb99c4615a407372f333391fd,AP-val,0.9577359959029985,259,1687831187072
e4392eecb99c4615a407372f333391fd,AP-val,0.9572608033085643,260,1687831191048
e4392eecb99c4615a407372f333391fd,AP-val,0.9567671549575564,261,1687831195023
e4392eecb99c4615a407372f333391fd,AP-val,0.9595586594441887,262,1687831198758
e4392eecb99c4615a407372f333391fd,AP-val,0.9591835325249571,263,1687831202606
e4392eecb99c4615a407372f333391fd,AP-val,0.9554242293490188,264,1687831206345
e4392eecb99c4615a407372f333391fd,AP-val,0.9554242293490188,265,1687831210049
e4392eecb99c4615a407372f333391fd,AP-val,0.9576372925549724,266,1687831213735
e4392eecb99c4615a407372f333391fd,AP-val,0.9600563292567079,267,1687831217408
e4392eecb99c4615a407372f333391fd,AP-val,0.9589730629295392,268,1687831221118
e4392eecb99c4615a407372f333391fd,AP-val,0.9587421714603455,269,1687831224818
e4392eecb99c4615a407372f333391fd,AP-val,0.9593516201067147,270,1687831228509
e4392eecb99c4615a407372f333391fd,AP-val,0.9587633644577304,271,1687831232193
e4392eecb99c4615a407372f333391fd,AP-val,0.9578871374680357,272,1687831235846
e4392eecb99c4615a407372f333391fd,AP-val,0.9597306970039028,273,1687831239542
e4392eecb99c4615a407372f333391fd,AP-val,0.959501034142661,274,1687831243533
e4392eecb99c4615a407372f333391fd,AP-val,0.9586474832084201,275,1687831247549
e4392eecb99c4615a407372f333391fd,AP-val,0.9584343544786673,276,1687831251575
e4392eecb99c4615a407372f333391fd,AP-val,0.9593598727024685,277,1687831255302
e4392eecb99c4615a407372f333391fd,AP-val,0.9597306970039028,278,1687831258984
e4392eecb99c4615a407372f333391fd,AP-val,0.9579642763268335,279,1687831262705
e4392eecb99c4615a407372f333391fd,AP-val,0.9590696051139178,280,1687831266580
e4392eecb99c4615a407372f333391fd,AP-val,0.95847539311702,281,1687831270448
e4392eecb99c4615a407372f333391fd,AP-val,0.9577161983510067,282,1687831274314
e4392eecb99c4615a407372f333391fd,AP-val,0.9576800981305615,283,1687831278183
e4392eecb99c4615a407372f333391fd,AP-val,0.9573282946015005,284,1687831282066
e4392eecb99c4615a407372f333391fd,AP-val,0.9560889794160954,285,1687831285917
e4392eecb99c4615a407372f333391fd,AP-val,0.957963545236751,286,1687831289769
e4392eecb99c4615a407372f333391fd,AP-val,0.9582244000428525,287,1687831293679
e4392eecb99c4615a407372f333391fd,AP-val,0.9585114933374651,288,1687831297764
e4392eecb99c4615a407372f333391fd,AP-val,0.9590226101276517,289,1687831301714
e4392eecb99c4615a407372f333391fd,AP-val,0.9586143635467167,290,1687831305802
e4392eecb99c4615a407372f333391fd,AP-val,0.9590867727588984,291,1687831309764
e4392eecb99c4615a407372f333391fd,AP-val,0.9590867727588983,292,1687831313730
e4392eecb99c4615a407372f333391fd,AP-val,0.9590867727588984,293,1687831317693
e4392eecb99c4615a407372f333391fd,AP-val,0.9590867727588984,294,1687831321629
e4392eecb99c4615a407372f333391fd,AP-val,0.9591395716994627,295,1687831325583
e4392eecb99c4615a407372f333391fd,AP-val,0.9609476339315004,296,1687831329521
e4392eecb99c4615a407372f333391fd,AP-val,0.959766797224348,297,1687831333504
e4392eecb99c4615a407372f333391fd,AP-val,0.959722023394149,298,1687831337406
e4392eecb99c4615a407372f333391fd,AP-val,0.9585995269620841,299,1687831341335